---
timestamp: 1761724137585
-0.104975 4.989328
-0.145607 5.051376
-0.157244 5.069693
-0.172175 5.089650
-0.187536 5.109202
-0.195660 5.133676
-0.213076 5.151809
-0.225771 5.173228
-0.242727 5.191583
-0.255042 5.213334
-0.273158 5.230739
-0.282743 5.254688
-0.302006 5.271128
-0.298875 5.273617
-0.315101 5.288013
-0.327027 5.307381
-0.342973 5.323442
-0.351456 5.345849
-0.366974 5.362316
-0.378150 5.382619
-0.387315 5.404867
-0.397466 5.426406
-0.408585 5.447214
-0.415593 5.472105
-0.426486 5.493523
-0.424336 5.495615
-0.429894 5.525561
-0.422796 5.532605
-0.430406 5.559883
-0.443572 5.582592
-0.450812 5.611743
-0.463904 5.635076
-0.471213 5.664978
-0.484943 5.688213
-0.495660 5.715123
-0.507390 5.741251
-0.516886 5.770397
-0.509148 5.779569
-0.524713 5.801726
-0.529893 5.830978
-0.543692 5.851112
-0.549688 5.881392
-0.562185 5.903805
-0.568908 5.934134
-0.583190 5.954878
-0.589449 5.986846
-0.602548 6.009930
-0.609014 6.042767
-0.621612 6.067435
-0.611377 6.082242
-0.626972 6.107484
-0.619555 6.125410
-0.618329 6.134236
-0.616566 6.143901
-0.601474 6.173517
-0.592567 6.194030
-0.420256 6.460147
-0.416763 6.473439
-0.427823 6.456775
-0.517261 6.553756
-0.629634 6.615891
-0.731341 6.433307
-0.599863 6.676001
-0.589603 6.701190
-0.600207 6.688776
-0.569708 6.750759
-0.564896 6.766380
-0.571188 6.761855
-0.562567 6.784503
-0.517036 6.874725
-0.516709 6.882525
-0.495831 6.928094
-1.682743 4.748286
-1.772920 4.791442
-1.784956 4.791214
-1.788480 4.782933
-1.801712 4.781456
-1.814871 4.781441
-1.830150 4.775672
-1.842794 4.776250
-1.855061 4.777617
-1.871292 4.767521
-1.883403 4.768562
-1.897674 4.762811
-1.911178 4.758781
-1.912081 4.755920
-1.917476 4.764849
-1.927879 4.759664
-1.938181 4.754378
-1.945940 4.757658
-1.953996 4.759915
-1.962581 4.760176
-1.969662 4.766177
-1.974652 4.780865
-1.981956 4.786786
-1.997235 4.758560
-2.005514 4.759439
-2.007477 4.750656
-2.021487 4.733270
-2.027086 4.749503
-2.040939 4.726798
-2.050538 4.724576
-2.059387 4.726202
-2.070065 4.716900
-2.079158 4.716377
-2.087638 4.719727
-2.095887 4.724985
-2.106427 4.713318
-2.114810 4.717426
-2.115294 4.713455
-2.117859 4.703697
-2.119095 4.704856
-2.121269 4.698068
-2.122499 4.699223
-2.125560 4.684480
-2.126662 4.686623
-2.127881 4.687770
-2.128883 4.678826
-2.155760 4.681375
-2.183310 4.682335
-2.210646 4.690498
-2.211098 4.672503
-2.220129 4.671712
-2.220145 4.670712
-2.221480 4.667736
-2.222781 4.666757
-2.224068 4.666776
-2.225416 4.660794
-2.226695 4.660810
-2.228004 4.656824
-2.229301 4.652836
-2.229283 4.655836
-2.308250 4.647215
-2.308571 4.651203
-2.316001 4.643515
-2.324600 4.643732
-2.332562 4.637903
-2.341594 4.641936
-2.350078 4.640920
-2.357061 4.628927
-2.365423 4.627768
-2.374544 4.631471
-2.381461 4.621269
-2.389751 4.619884
-2.398573 4.621371
-2.398391 4.620387
-2.399685 4.620151
-2.400058 4.614999
-2.401715 4.616726
-2.402443 4.613538
-2.403915 4.614278
-2.405011 4.613053
-2.407060 4.616733
-2.405720 4.609863
-2.429341 4.605020
-2.453571 4.601388
-2.475579 4.589383
-2.476392 4.592270
-2.478820 4.592630
-2.480425 4.590099
-2.481184 4.584684
-2.483320 4.584070
-2.483040 4.583110
-2.492481 4.583458
-2.504303 4.574873
-2.516277 4.565706
-2.530713 4.563910
-2.544461 4.559991
-2.559624 4.559568
-2.558526 4.556777
-2.561915 4.562968
-2.562742 4.562644
-2.563199 4.561390
-2.565133 4.563852
-2.564849 4.560739
-2.567903 4.565983
-2.567615 4.562869
-2.566947 4.558829
-2.570016 4.564064
-2.570843 4.563732
-2.571969 4.566513
-2.650874 4.528093
-2.658853 4.526160
-2.663723 4.517869
-2.674331 4.520032
-2.681544 4.515986
-2.690230 4.514467
-2.697903 4.511136
-2.702956 4.503457
-2.712651 4.503400
-2.719710 4.499004
-2.727272 4.495385
-2.739209 4.498372
-2.739759 4.499207
-2.735910 4.490968
-2.744749 4.501911
-2.745313 4.500340
-2.746429 4.499601
-3.287117 5.304938
-3.286053 5.298433
-3.288882 5.297740
-2.755356 4.505670
-2.783014 4.501172
-2.795067 4.475054
-2.812353 4.456671
-2.811106 4.455107
-2.809614 4.449906
-2.814372 4.452506
-2.821031 4.457420
-2.827084 4.461532
-2.823675 4.453999
-2.831647 4.460405
-2.839015 4.466007
-2.850236 4.476202
-2.853836 4.477122
-2.856393 4.480198
-2.913864 4.428521
-2.913864 4.428521
-2.922958 4.423806
-2.927269 4.426574
-2.934415 4.432160
-2.939451 4.435613
-2.935991 4.430589
-2.943873 4.436850
-2.943956 4.435349
-2.942616 4.432444
-2.954794 4.442887
-2.958445 4.444885
-2.962008 4.448393
-3.031859 4.384299
-3.039561 4.379971
-3.047143 4.375311
-3.053913 4.369957
-3.071768 4.373044
-3.082533 4.370471
-3.084469 4.361224
-3.089545 4.354341
-3.106767 4.356142
-4.149928 5.078910
-3.135701 4.355049
-3.136590 4.344943
-3.144035 4.349999
-3.152637 4.342621
-3.163004 4.336325
-3.174864 4.330877
-3.194347 4.330012
-3.194260 4.316855
-4.367605 5.002774
-4.374047 4.978093
-4.367174 4.945990
-4.385221 4.928239
-4.350401 4.881611
-4.392614 4.877029
-4.380247 4.870469
-4.376238 4.865224
-4.375758 4.861856
-4.397400 4.870131
-4.410206 4.873712
-3.327857 4.304286
-3.325850 4.301656
-3.350451 4.312878
-3.356439 4.314373
-3.382859 4.326426
-3.370425 4.319992
-3.428991 4.233765
-3.456655 4.245374
-3.460182 4.239542
-3.469237 4.235954
-3.467385 4.235198
-3.506640 4.232415
-3.485723 4.206163
-3.540454 4.208254
-3.561451 4.197142
-3.588059 4.187489
-3.755492 4.222652
-3.715686 4.189397
-3.712700 4.168252
-3.703108 4.165423
-3.703174 4.151603
-3.695255 4.135494
-3.693931 4.121359
-3.698282 4.108772
-3.708349 4.097581
-3.724168 4.087634
-3.727254 4.074534
-3.853285 4.088459
-3.812339 4.064949
-3.889724 4.066083
-3.938768 4.060403
-3.959390 4.064370
-3.956182 4.049436
-3.979370 4.039266
-4.002504 4.028743
-4.116435 4.032337
-4.069358 4.009780
-4.085400 3.997048
-6.106261 4.254035
-6.087520 4.220089
-6.095297 4.189651
-6.080966 4.156709
-6.063371 4.123722
-6.065361 4.123925
-6.040478 4.111604
-4.605173 3.962650
-4.595800 3.955681
-4.587404 3.948853
-4.564500 3.946750
-4.579883 3.909589
-4.576525 3.870554
-4.581511 3.832057
-5.934422 3.827930
-5.926523 3.766826
-5.920616 3.705987
-5.903617 3.706114
-5.896579 3.701048
-5.881535 3.696084
-5.879483 3.691010
-5.864425 3.686112
-5.855360 3.681170
-5.847288 3.676236
-5.842209 3.671273
-5.835210 3.671394
-5.824090 3.565597
-5.803685 3.460771
-5.793157 3.355631
-5.788185 3.356159
-5.942902 3.306003
-6.043083 3.259390
-6.159565 3.208668
-6.310076 3.150835
-6.442054 3.092940
-6.715457 3.009616
-6.734350 2.964605
-7.566656 2.772374
-7.553802 2.724774
-7.557196 2.674007
-7.600241 2.614722
-8.741656 2.376547
-8.704021 2.324290
-8.686340 2.267777
-9.714247 1.963805
-9.702070 1.896232
-9.747411 1.813873
-4.558766 3.118364
-5.691038 2.785046
-4.736951 3.023166
-6.809519 2.389580
-6.824162 2.340715
-4.787722 2.934405
-4.408904 3.053177
-8.149603 1.871161
-8.122181 1.870654
-8.084286 1.873555
-8.034029 1.880520
-8.059017 1.863455
-8.064936 1.852462
-8.067980 1.842373
-4.659861 2.948090
-8.288248 1.158739
-5.460856 2.362560
-4.813210 2.630898
-8.996403 0.818284
-8.208761 1.140923
-8.188692 1.132406
-8.196022 1.129200
-6.853589 1.634243
-6.830826 1.561370
-6.432707 1.672714
-5.925001 1.853598
-5.878898 1.808183
-5.671820 1.851736
-5.671820 1.851736
-5.666640 1.815098
-5.659812 1.778631
-5.658651 1.738605
-5.653610 1.700492
-5.648161 1.662311
-5.630404 1.631446
-4.498629 2.305511
-4.467322 2.297333
-4.384260 2.323682
-4.312645 2.344152
-4.230015 2.373689
-4.168935 2.415465
-4.102823 2.436506
-4.032411 2.461520
-3.972322 2.480652
-3.911921 2.501352
-3.855234 2.520630
-3.799824 2.540216
-3.747267 2.558852
-3.699087 2.575221
-3.651326 2.592360
-3.595508 2.617260
-3.569351 2.618625
-3.552506 2.632776
-3.516530 2.659907
-3.487507 2.681330
-3.460837 2.700893
-3.435749 2.719234
-3.411476 2.736996
-3.381175 2.760023
-3.350942 2.783133
-3.328924 2.802007
-3.291248 2.778262
-3.264242 2.744992
-3.242460 2.706037
-3.246646 2.701738
-3.242578 2.699172
-3.232268 2.703112
-3.213710 2.715789
-3.208186 2.721576
-3.194979 2.709814
-3.183169 2.696206
-3.173154 2.680485
-3.163542 2.664093
-3.154949 2.646244
-3.143518 2.631538
-3.133106 2.615383
-3.138090 2.609125
-3.130659 2.595592
-3.031297 2.517857
-3.035104 2.511982
-3.037124 2.507332
-3.040768 2.500160
-3.043862 2.493823
-3.047490 2.486641
-3.051111 2.479455
-3.053642 2.473948
-3.058329 2.465071
-3.061385 2.458713
-3.064436 2.452352
-3.069634 2.442617
-3.072668 2.436247
-3.076772 2.428186
-3.081403 2.419278
-3.085488 2.411207
-3.090100 2.402287
-3.095239 2.392518
-3.098760 2.385276
-3.105187 2.375142
-3.050203 2.330631
-2.993317 2.286912
-2.998377 2.277145
-3.000576 2.265894
-3.002736 2.254630
-3.004853 2.243351
-3.007836 2.230275
-3.009868 2.218967
-3.016186 2.206473
-2.998559 2.181521
-2.979621 2.158053
-2.959722 2.135714
-2.938908 2.114532
-2.919505 2.088989
-2.925582 2.074188
-2.914034 2.056537
-2.904013 2.034292
-2.894231 2.016169
-2.885168 1.994614
-2.876117 1.972148
-2.865406 1.953486
-2.855381 1.932037
-2.845344 1.909680
-2.834353 1.889267
-2.823646 1.866999
-2.817780 1.827541
-2.823251 1.809346
-2.810076 1.818971
-2.797289 1.827718
-2.794504 1.837323
-2.772850 1.842569
-2.769622 1.854126
-2.743161 1.857710
-2.716334 1.862098
-2.689933 1.865892
-2.662833 1.873957
-2.637874 1.873602
-2.612006 1.878487
-2.610260 1.887315
-2.378716 3.051510
-2.377029 3.053214
-2.374785 3.057868
-2.373864 3.055652
-2.371275 3.062281
-2.371275 3.062281
-2.368729 3.066886
-2.366387 3.070516
-2.366014 3.063328
-2.366656 3.050230
-2.370329 3.029553
-2.309168 3.012676
-2.308950 2.994584
-2.307902 2.985457
-2.307210 2.971348
-2.305751 2.966211
-2.306217 2.960229
-2.380460 1.668611
-2.355727 1.626067
-2.330219 1.575830
-2.303576 1.519912
-2.275276 1.481331
-2.246628 3.070117
-2.246630 3.077117
-2.242468 3.086116
-2.238101 3.071142
-2.233145 3.036203
-2.157645 -0.775050
-2.225744 3.064793
-2.099646 0.442725
-2.058342 0.442804
-2.013031 0.386542
-1.972628 0.407646
-1.932051 0.422267
-1.890940 0.429428
-1.884285 0.367786
-2.173597 3.098645
-2.166572 3.088395
-1.730627 -0.090911
-1.694386 -0.100003
-1.660217 -0.093924
-1.624507 -0.097410
-1.592077 -0.080852
-1.350682 -1.218213
-2.087620 2.890235
-2.081282 2.897562
-2.075677 2.907870
-2.077110 2.914722
-2.077142 2.924927
-2.073660 2.918506
-2.071205 2.916983
-2.071316 2.927187
-2.067354 2.918839
-2.107463 3.106605
-2.108345 3.117677
-2.106813 3.118021
-1.408384 0.084382
-1.281978 0.170139
-1.147087 0.217811
-1.874510 2.537426
-1.871618 2.538331
-1.865081 2.527810
-1.861553 2.526833
-1.859868 2.531574
-1.858017 2.525867
-2.047023 3.132663
-2.039330 3.135288
-2.032709 3.140828
-2.026911 3.148308
-1.218816 1.137510
-1.186857 1.154736
-1.691921 2.378618
-1.781648 2.602301
-1.784834 2.616134
-1.790781 2.636404
-1.794472 2.651119
-1.800563 2.671339
-1.806812 2.686068
-1.800578 2.699606
-1.785945 2.726545
-1.771838 2.753128
-1.750408 2.763851
-1.726346 2.769779
-1.725867 2.768901
-1.721069 2.764680
-1.716253 2.760475
-1.708996 2.751911
-1.704619 2.748615
-1.701690 2.747952
-1.698763 2.742714
-1.677333 2.745316
-1.658999 2.755010
-1.641899 2.766737
-1.682249 2.865610
-1.677936 2.892546
-1.684154 2.901619
-1.679495 2.909209
-1.675069 2.918421
-1.673112 2.930883
-1.660629 2.928843
-1.660101 2.942936
-1.654297 2.949835
-1.647954 2.955986
-1.643542 2.964536
-1.635455 2.968444
-1.630575 2.976289
-1.621922 2.979571
-1.623210 2.981101
-1.624398 2.984020
-1.619781 2.980062
-1.613217 2.973824
-1.604050 2.964549
-1.597456 2.958338
-1.595390 2.957468
-1.594620 2.958121
-1.586048 2.949658
-1.574204 2.937417
-1.561031 2.923681
-0.147387 1.278636
-1.660557 3.151563
-1.659583 3.152561
-1.658611 3.153562
-1.662686 3.159415
-1.657393 3.156258
-1.654980 3.155881
-0.008765 1.591450
0.027458 1.556984
0.062494 1.620464
0.120917 1.663535
0.152401 1.729889
-0.152631 2.061713
-0.167526 2.073510
-0.171301 2.110798
-0.189476 2.124893
0.350321 1.747020
0.368332 1.774263
0.377169 1.808148
0.413268 1.822267
0.446068 1.839208
0.475490 1.858873
0.750798 1.714335
0.767374 1.746578
0.776870 1.783268
0.743187 1.804843
-0.339748 2.522120
-0.335720 2.543712
-0.343918 2.572504
-0.415342 2.638160
-0.424598 2.665880
-0.413321 2.681516
-0.406550 2.699694
-0.398200 2.716956
-0.377645 2.727722
-0.383760 2.752600
-0.389281 2.776830
-0.373230 2.768684
-0.349296 2.777644
-1.373779 3.295775
-1.377116 3.307272
-1.376959 3.316994
-1.377820 3.327094
-1.384284 3.339560
-1.386308 3.349900
-1.385681 3.359015
-1.392558 3.371126
-1.395865 3.381605
-1.405824 3.394512
-1.416087 3.398471
-1.411520 3.399184
-1.407887 3.400273
-1.400511 3.399968
-1.379078 3.394445
-1.369712 3.390942
-1.354545 3.399627
-1.344117 3.411202
-1.326224 3.420559
-1.315103 3.432437
-1.298371 3.442912
-1.285602 3.454883
-1.274993 3.451977
-1.263833 3.451069
-1.250735 3.449684
-1.237626 3.448353
-1.223542 3.446816
-1.212349 3.446099
-1.199776 3.442792
-1.175422 3.456315
-1.159170 3.472846
-1.137295 3.488659
-1.119574 3.505915
-1.104092 3.524064
-1.085360 3.520888
-1.069708 3.528360
-1.048250 3.536021
-1.026837 3.544055
-1.008446 3.552856
-0.990117 3.561975
-0.968871 3.571071
-0.946695 3.580434
-0.923589 3.590090
-0.901550 3.600240
-0.874603 3.610389
-0.848730 3.621084
-0.823789 3.619371
-0.798733 3.619282
-0.771681 3.619117
-0.741633 3.618817
-0.708588 3.618392
-0.679533 3.618291
-0.650476 3.618257
-0.613431 3.617802
-0.580377 3.617668
-0.541330 3.617258
-0.504393 3.615095
-0.481259 3.452341
-0.421032 3.774282
---
timestamp: 1761724143986
-0.375588 3.808862
-0.325470 3.827026
-0.271536 3.846274
-0.216794 3.866480
-0.152287 3.888405
-0.089999 3.911208
-0.017001 3.936117
0.100475 3.967011
0.122218 3.988843
0.120934 4.008225
0.113542 4.026822
0.110568 4.026430
0.105273 4.028347
0.099978 4.030254
0.095672 4.032283
0.092355 4.034438
0.088046 4.036449
0.087697 4.039001
0.084374 4.041137
0.080059 4.043128
0.078713 4.045530
0.074752 4.044968
0.068514 4.067004
0.033943 4.248591
0.030501 4.250142
0.028031 4.251917
0.026533 4.253918
0.023088 4.255454
0.021586 4.257447
0.018139 4.258972
0.016635 4.260960
0.016101 4.263180
0.011678 4.264455
0.012113 4.266908
0.010170 4.266433
-0.054626 4.483095
-0.061264 4.501379
-0.069192 4.520226
-0.076349 4.539350
-0.082741 4.558774
-0.090236 4.577777
-0.097898 4.596714
-0.104805 4.615971
-0.108212 4.636759
-0.120050 4.653918
-0.124736 4.674239
-0.122004 4.675477
-0.123866 4.679592
-0.123918 4.684536
-0.124890 4.689065
-0.125872 4.693594
-0.125049 4.698967
-0.121421 4.700652
-0.136682 4.733080
-0.150100 4.767157
-0.163182 4.801524
-0.178585 4.834786
-0.192776 4.868812
-0.191905 4.869302
-0.202251 4.889547
-0.210320 4.911407
-0.207485 4.916451
-0.204660 4.921502
-0.202704 4.926052
-0.198179 4.932144
-0.195382 4.937223
-0.193453 4.941798
-0.191532 4.946379
-0.190476 4.950450
-0.184479 4.954061
-0.283657 5.119264
-0.295863 5.139560
-0.291829 5.142513
-0.298812 5.165392
-0.307352 5.188371
-0.320890 5.207637
-0.326787 5.232994
-0.339213 5.253343
-0.351082 5.274230
-0.359352 5.298251
-0.367150 5.322908
-0.374498 5.348221
-0.374498 5.348221
-0.370764 5.356105
-0.364047 5.366645
-0.361853 5.373236
-0.355931 5.383151
-0.353024 5.390430
-0.344904 5.402375
-0.345022 5.407021
-0.339053 5.412348
-0.380568 5.474769
-0.425815 5.535631
-0.470293 5.598262
-0.464130 5.604820
-0.463745 5.611322
-0.454504 5.627330
-0.454848 5.633126
-0.448405 5.646256
-0.445394 5.655741
-0.436986 5.671123
-0.429531 5.679210
-0.468797 5.722513
-0.501703 5.774751
-0.541703 5.819502
-0.576723 5.871406
-0.568783 5.881700
-0.584721 5.905223
-0.570853 5.923573
-0.585503 5.948152
-0.597852 5.977077
-0.614663 6.000267
-0.626054 6.031549
-0.637899 6.062823
-0.657421 6.083275
-0.667335 6.118631
-0.679944 6.150648
-0.700462 6.170783
-0.693557 6.181798
-0.698975 6.186372
-0.680161 6.230027
-0.672575 6.255913
-0.507688 6.538407
-0.535405 6.493233
-0.551841 6.557586
-0.602914 6.565451
-0.651429 6.576807
-0.669687 6.643764
-0.702890 6.685030
-0.711506 6.776948
-0.806188 6.587266
-0.667100 6.874372
-0.659810 6.897554
-0.679636 6.866089
-0.647588 6.939491
-0.619230 7.005789
-0.624517 7.003934
-0.628918 7.003869
-1.724523 4.770085
-1.730035 4.761651
-1.730911 4.759853
-1.829115 4.791465
-1.836587 4.787892
-1.845056 4.781459
-1.846444 4.777708
-1.859780 4.776191
-1.873626 4.774726
-1.887076 4.774035
-1.901075 4.771271
-1.917616 4.759727
-1.928468 4.766168
-1.939422 4.772496
-1.953101 4.769061
-1.955199 4.761341
-1.965385 4.764083
-1.964879 4.766018
-1.974354 4.766407
-1.982356 4.773561
-1.987960 4.791368
-1.997578 4.792570
-2.006145 4.798574
-2.022277 4.768274
-2.037282 4.740721
-2.045314 4.747385
-2.055918 4.740207
-2.057153 4.733317
-2.067263 4.732869
-2.077840 4.731590
-2.079881 4.718752
-2.081611 4.717004
-2.084106 4.710314
-2.084900 4.714489
-2.086615 4.712733
-2.090276 4.698122
-2.091516 4.699324
-2.092906 4.699536
-2.093938 4.692612
-2.171213 4.702971
-2.172423 4.701053
-2.174231 4.690153
-2.174765 4.698209
-2.176675 4.685308
-2.177666 4.686377
-2.179097 4.680459
-2.180208 4.679528
-2.181197 4.680593
-2.183077 4.666684
-2.183077 4.666684
-2.192504 4.667223
-2.268757 4.663135
-2.271294 4.668063
-2.273642 4.666988
-2.276251 4.672903
-2.278322 4.664821
-2.278119 4.659825
-2.291394 4.651978
-2.305598 4.654129
-2.319451 4.651082
-2.333127 4.646837
-2.346121 4.637428
-2.360539 4.640731
-2.360539 4.640731
-2.369147 4.635554
-2.368869 4.633574
-2.379624 4.636950
-2.388350 4.626494
-2.398065 4.622856
-2.406805 4.614199
-2.418662 4.622140
-2.429488 4.624055
-2.438443 4.617052
-2.446816 4.608015
-2.456196 4.603763
-2.457141 4.607649
-2.466110 4.613793
-2.469498 4.597465
-2.476274 4.594661
-2.483286 4.592770
-2.491381 4.594669
-2.496417 4.585942
-2.504229 4.586762
-2.511475 4.585604
-2.517193 4.579624
-2.524397 4.578358
-2.531279 4.576085
-2.529037 4.569453
-2.532175 4.569452
-2.535316 4.569440
-2.536813 4.564696
-2.538460 4.569417
-2.550060 4.568408
-2.559510 4.560678
-2.571370 4.559362
-2.583248 4.557883
-2.594364 4.554396
-2.607047 4.554428
-2.614845 4.543339
-2.615257 4.544250
-2.621062 4.546018
-2.624369 4.542305
-2.624790 4.543212
-2.636107 4.540304
-2.645178 4.532585
-2.659121 4.534565
-2.664789 4.520397
-2.680663 4.525554
-2.688924 4.516473
-2.701018 4.514246
-2.710577 4.507541
-2.710067 4.506680
-2.720992 4.510733
-2.723254 4.500011
-2.729620 4.496088
-2.739178 4.497172
-2.747153 4.495636
-2.754033 4.492353
-2.759221 4.486520
-2.764347 4.480655
-2.773981 4.481324
-2.783082 4.481072
-2.794551 4.483969
-3.357794 5.266307
-3.369196 5.249388
-2.804058 4.480795
-2.809174 4.484485
-2.805372 4.476108
-2.805720 4.473364
-2.807257 4.472224
-2.801585 4.461485
-2.808191 4.470282
-2.828624 4.460833
-2.844504 4.445534
-2.863918 4.434439
-2.869807 4.441245
-2.880208 4.438912
-2.888811 4.448658
-2.886950 4.443636
-2.897037 4.452072
-2.898499 4.450775
-2.904632 4.454687
-2.905430 4.452632
-2.904761 4.451889
-2.928952 4.434947
-2.954376 4.418449
-2.980155 4.401758
-2.978690 4.400397
-2.990333 4.408439
-2.994659 4.409659
-2.990155 4.402747
-2.995956 4.405305
-3.003988 4.409863
-3.011380 4.416598
-3.024798 4.403406
-3.046259 4.396976
-3.056124 4.380506
-3.078227 4.373803
-3.088400 4.357451
-3.097163 4.364100
-3.107624 4.365203
-3.120525 4.368006
-4.125406 5.114811
-4.136024 5.090276
-3.134894 4.348318
-3.152632 4.345708
-3.160481 4.336060
-3.173236 4.329620
-3.185961 4.322973
-3.196959 4.315055
-3.209604 4.308012
-4.396387 5.035480
-4.384702 4.998861
-4.370120 4.990122
-4.366334 4.959352
-4.370800 4.933736
-4.369732 4.905225
-4.359534 4.872061
-4.368299 4.849576
-4.399883 4.839047
-4.402051 4.813044
-4.439749 4.804885
-4.463993 4.789553
-4.450490 4.783021
-3.371855 4.259432
-3.387866 4.265374
-3.389464 4.264362
-3.407304 4.271105
-3.416134 4.273506
-3.413227 4.270311
-3.447377 4.284656
-3.433625 4.276314
-3.462570 4.289960
-3.464719 4.275921
-3.524426 4.182078
-3.537579 4.186873
-3.570211 4.193711
-3.569941 4.188570
-3.662057 4.216069
-3.712033 4.233717
-3.706970 4.209210
-3.702420 4.184793
-3.708950 4.164116
-3.700784 4.139162
-3.700885 4.116919
-3.706456 4.096272
-3.714649 4.076262
-3.720476 4.077692
-3.737240 4.067672
-3.755026 4.057431
-6.271684 4.588711
-3.824672 4.043178
-3.868803 4.036992
-3.968961 4.040596
-3.980721 4.026536
-4.000255 4.013631
-4.006860 3.998337
-4.034096 3.986089
-4.085511 3.993870
-4.092835 3.985499
-6.097340 4.258860
-6.099320 4.259139
-6.107228 4.216529
-6.074898 4.168691
-6.105623 4.128448
-6.053302 4.079673
-6.054189 4.036661
-4.626396 3.889364
-4.591299 3.860330
-4.592808 3.833973
-4.589811 3.833822
-4.580994 3.830016
-4.580161 3.826616
-4.585317 3.823496
-5.933123 3.880493
-5.932361 3.875161
-5.918602 3.869286
-5.902836 3.863371
-5.898839 3.863209
-5.884178 3.825896
-5.881867 3.680539
-5.869688 3.535558
-5.851709 3.536449
-5.846264 3.527669
-5.832808 3.519353
-5.827321 3.510647
-5.820815 3.502026
-5.808836 3.502739
-5.807409 3.495631
-5.802973 3.488719
-5.958181 3.471342
-6.041497 3.458203
-6.151710 3.442850
-6.314315 3.431520
-6.427304 3.038703
-6.690882 2.964179
-6.710104 2.928448
-6.746747 2.889162
-7.545309 2.703897
-7.556690 2.662788
-7.578529 2.619253
-7.625447 2.569946
-8.683692 2.297122
-8.679385 2.250346
-9.708561 1.960546
-9.713496 1.903633
-9.714467 1.903398
-5.377864 2.888429
-4.357761 3.157530
-5.676300 2.764534
-4.751992 2.987072
-5.413508 2.752186
-5.293661 2.747184
-8.135012 1.764330
-8.049923 1.712376
-8.008697 1.646350
-7.992026 1.571601
-7.948926 1.587676
-7.911279 1.595478
-7.931701 1.581571
-7.928704 1.576429
-5.591393 2.452217
-4.108732 3.009688
-5.468347 2.491528
-4.928854 2.693345
-5.011948 2.658648
-8.980843 1.135849
-8.300605 1.389606
-8.295937 1.391399
-8.093217 0.914927
-6.813384 1.509300
-6.794417 1.499962
-6.339200 1.704950
-5.949638 1.896255
-5.755957 1.982809
-5.740012 1.982140
-5.733924 1.976622
-5.748392 1.960820
-5.763705 1.944506
-5.790503 1.931019
-5.684611 1.721918
-5.673365 1.728437
-5.677737 1.695885
-4.526928 2.352903
-4.470947 2.366510
-4.399115 2.410054
-4.315645 2.432649
-4.223727 2.443995
-4.139007 2.453268
-4.058456 2.462729
-3.981206 2.472771
-3.909632 2.481458
-3.842812 2.489133
-3.801573 2.520808
-3.750844 2.540951
-3.701537 2.560732
-3.654197 2.579964
-3.603391 2.603043
-3.569176 2.613412
-3.545134 2.615853
-3.502265 2.634910
-3.465052 2.649970
-3.434139 2.660237
-3.399757 2.674277
-3.366411 2.688118
-3.342829 2.709750
-3.310866 2.732597
-3.284925 2.750197
-3.267873 2.759759
-3.273715 2.754293
-3.270185 2.733925
-3.262005 2.716851
-3.250038 2.703380
-3.226776 2.701559
-3.197458 2.706713
-3.181958 2.697713
-3.169052 2.685964
-3.169719 2.685219
-3.168037 2.677005
-3.165636 2.669535
-3.170915 2.663524
-3.162023 2.648764
-3.153574 2.632398
-3.143598 2.617631
-3.134020 2.602166
-3.125426 2.585193
-3.115343 2.569860
-3.104424 2.555412
-3.094451 2.539438
-3.097372 2.535380
-3.091141 2.522954
-3.085829 2.508220
-3.078074 2.496795
-3.071293 2.483750
-3.064896 2.469895
-3.058320 2.456059
-3.052631 2.440551
-3.045154 2.427598
-3.037513 2.414680
-3.031751 2.398359
-3.024254 2.384632
-3.028787 2.376857
-3.022672 2.361197
-3.014773 2.347511
-3.007657 2.332107
-3.000803 2.315843
-2.992792 2.301364
-2.984128 2.287808
-2.977086 2.270725
-2.969359 2.254554
-2.962274 2.236608
-2.952371 2.224102
-2.945655 2.204392
-2.949425 2.196219
-2.943161 2.179368
-2.937144 2.160225
-2.929677 2.143836
-2.922384 2.126549
-2.914861 2.109280
-2.905982 2.094812
-2.899862 2.072947
-2.891634 2.055743
-2.883176 2.038567
-2.874486 2.021422
-2.866584 2.001490
-2.872683 1.984554
-2.860440 1.965331
-2.849022 1.943241
-2.837314 1.920346
-2.824912 1.898467
-2.811263 1.879529
-2.798431 1.856849
-2.790412 1.815973
-2.775301 1.798226
-2.753774 1.803800
-2.732652 1.808642
-2.710729 1.817601
-2.707896 1.829262
-2.703769 1.837519
-2.699192 1.847727
-2.694870 1.856971
-2.690338 1.867195
-2.686288 1.875479
-2.681797 1.885718
-2.678245 1.892069
-2.674249 1.900373
-2.401133 3.064770
-2.400906 3.065744
-2.344769 3.053368
-2.344910 3.052378
-2.343916 3.054254
-2.341952 3.063063
-2.340974 3.064943
-2.340549 3.062862
-2.339302 3.066725
-2.340089 3.055727
-2.342191 3.034817
-2.343451 3.019849
-2.343756 3.011816
-2.345337 2.999921
-2.290672 2.975642
-2.290887 2.971648
-2.289803 2.960570
-2.350474 1.695014
-2.347766 1.656834
-2.345426 1.606668
-2.343246 1.547511
-2.341044 1.482358
-2.336306 1.476162
-2.273882 3.076941
-2.271996 3.090878
-2.272366 3.079885
-2.071615 0.501585
-2.214956 3.060574
-2.213974 3.066634
-2.112453 1.399715
-2.063187 0.683381
-2.034770 0.337480
-2.031121 0.386817
-2.032112 0.401784
-1.975458 0.425403
-1.913969 0.399947
-1.846963 0.337920
-1.778741 0.285175
-2.154112 3.085202
-1.658805 -0.084331
-1.651543 -0.095342
-1.645506 -0.098439
-1.641521 -0.088691
-1.450828 -1.230902
-1.441869 -1.241605
-2.117194 2.894624
-2.116691 2.898758
-2.116855 2.899745
-2.102096 2.908248
-2.088103 2.920126
-2.073855 2.929314
-2.070965 2.916640
-2.064192 2.921049
-2.059196 2.933560
-2.105990 3.121832
-2.101244 3.127136
-2.088920 3.125520
-1.196960 0.208658
-1.127479 0.228208
-1.059665 0.252919
-1.829582 2.558048
-1.828547 2.555233
-1.823102 2.545511
-1.822492 2.548932
-1.819799 2.546727
-1.817798 2.546402
-2.039676 3.142442
-2.040282 3.146484
-2.037713 3.142106
-2.040900 3.150522
-1.233595 1.127903
-1.201476 1.152668
-1.685152 2.382218
-1.762380 2.605960
-1.753577 2.627474
-1.761960 2.645632
-1.758737 2.665878
-1.754992 2.684283
-1.763295 2.701372
-1.756461 2.717568
-1.753350 2.741559
-1.748407 2.761058
-1.740984 2.775268
-1.729899 2.782552
-1.714391 2.782187
-1.703416 2.789788
-1.687304 2.789004
-1.683634 2.783043
-1.670435 2.780122
-1.659812 2.782099
-1.645891 2.779173
-1.634089 2.779752
-1.623371 2.782123
-1.614927 2.787898
-1.655066 2.862314
-1.668420 2.896989
-1.670506 2.915236
-1.665678 2.923774
-1.660350 2.931540
-1.664600 2.937102
-1.658844 2.943323
-1.655577 2.953494
-1.648044 2.958217
-1.644364 2.967646
-1.635662 2.970952
-1.631520 2.979675
-1.628143 2.989166
-1.618913 2.991927
-1.613706 2.999247
-1.601803 2.999248
-1.600113 3.010345
-1.597376 3.007429
-1.583855 2.995429
-1.573039 2.986379
-1.574575 2.990427
-1.571298 2.989395
-1.567325 2.987650
-1.552278 2.974360
-1.546744 2.968583
0.068819 1.387191
0.043644 1.513064
0.032493 1.619749
-1.640435 3.170643
-1.645712 3.175243
-1.648164 3.180032
-1.645338 3.180232
-1.641750 3.179791
-1.640438 3.181313
0.127126 1.670900
0.147141 1.714394
0.172907 1.753807
-0.157699 2.070774
-0.149317 2.114486
-0.158717 2.170483
0.398392 1.823190
0.392682 1.827240
0.392929 1.831043
0.402972 1.827922
0.424468 1.816754
0.434538 1.813681
0.701645 1.630260
0.690614 1.642394
0.686939 1.649348
0.693919 1.648860
-0.306288 2.349167
-0.392002 2.411568
-0.403502 2.419552
-0.371428 2.632400
-0.410616 2.675928
-0.411086 2.697816
-0.401213 2.713962
-0.387936 2.728353
-0.380112 2.745631
-0.384973 2.769227
-0.390106 2.792656
-0.376556 2.806875
-0.349515 2.814926
-0.326109 2.825050
-0.309130 2.838366
-1.370110 3.309791
-1.373278 3.312507
-1.375536 3.314811
-1.381460 3.318719
-1.388308 3.323013
-1.396082 3.327690
-1.398365 3.329951
-1.406156 3.334595
-1.413040 3.338822
-1.419465 3.341601
-1.419594 3.384759
-1.409874 3.423815
-1.403225 3.421627
-1.397908 3.421777
-1.384028 3.419169
-1.368231 3.416002
-1.360036 3.415336
-1.347071 3.413187
-1.338494 3.410459
-1.320874 3.421903
-1.308388 3.436116
-1.293213 3.449925
-1.276293 3.463716
-1.260541 3.478241
-1.250783 3.476058
-1.235586 3.475266
-1.224287 3.475400
-1.208095 3.474533
-1.194828 3.474370
-1.179180 3.471031
-1.160064 3.483262
-1.146167 3.497220
-1.125543 3.510376
-1.108038 3.524545
-1.093681 3.539597
-1.072576 3.554172
-1.049749 3.551357
-1.033509 3.559576
-1.012400 3.568384
-0.993343 3.577751
-0.972363 3.587275
-0.953449 3.597321
-0.928628 3.607282
-0.905879 3.617800
-0.880219 3.628565
-0.856643 3.639867
-0.829165 3.651453
-0.801784 3.663526
-0.776792 3.662921
-1.268788 4.844501
-2.522590 5.211446
-3.621708 4.458598
-3.732407 3.103859
-2.732311 2.143815
-1.325878 2.312348
-0.547008 3.537042
-0.501878 3.778594
---
timestamp: 1761724150382
-0.462211 3.793330
-0.412102 3.810556
-0.371134 3.827951
-0.317369 3.847004
-0.265782 3.866742
-0.207421 3.887954
-0.142310 3.910801
-0.073460 3.935121
0.005064 3.961704
0.115052 3.993520
0.116628 4.012672
0.113098 4.031167
0.110413 4.049774
0.102642 4.067581
0.091778 4.084796
0.088818 4.084306
0.061415 4.210768
0.028003 4.336044
0.012599 4.331718
0.007270 4.332207
0.005791 4.333775
0.003348 4.335068
0.001867 4.336631
-0.001538 4.337644
-0.003982 4.338926
-0.003543 4.341033
-0.005028 4.342587
-0.007475 4.343863
-0.007041 4.345968
-0.010450 4.346960
-0.010019 4.349064
-0.010978 4.348785
-0.075357 4.545460
-0.077220 4.544732
-0.078374 4.550429
-0.080472 4.555758
-0.081654 4.561452
-0.083779 4.566772
-0.081924 4.567518
-0.094670 4.598345
-0.106193 4.630462
-0.118194 4.662434
-0.131577 4.693827
-0.146321 4.724595
-0.160620 4.755598
-0.157945 4.756956
-0.158255 4.761984
-0.159465 4.766560
-0.159798 4.771591
-0.160141 4.776627
-0.158722 4.782588
-0.156948 4.783510
-0.174708 4.821396
-0.191000 4.861142
-0.212358 4.898120
-0.230973 4.936804
-0.253691 4.973047
-0.246955 4.977365
-0.256788 4.998150
-0.265699 5.020706
-0.274036 5.043778
-0.285096 5.065098
-0.294758 5.087492
-0.301438 5.112185
-0.314033 5.132703
-0.324455 5.154926
-0.335128 5.177084
-0.341348 5.202897
-0.337428 5.206001
-0.335779 5.210365
-0.333355 5.215356
-0.329373 5.221599
-0.326185 5.227228
-0.325348 5.230991
-0.320614 5.237884
-0.311994 5.247918
-0.311183 5.251701
-0.308042 5.257371
-0.299465 5.267447
-0.293242 5.272474
-0.434461 5.438756
-0.428699 5.444305
-0.434482 5.469005
-0.441933 5.493632
-0.450382 5.517554
-0.464675 5.535717
-0.475018 5.558121
-0.484255 5.581949
-0.491752 5.607973
-0.505593 5.627322
-0.513019 5.654070
-0.524062 5.677062
-0.532783 5.703058
-0.529540 5.706863
-0.527850 5.722495
-0.526245 5.738160
-0.525366 5.753091
-0.520238 5.759232
-0.535039 5.794436
-0.556309 5.823107
-0.573142 5.857906
-0.592393 5.890221
-0.615741 5.917555
-0.632552 5.954420
-0.652889 5.987106
-0.648898 5.992857
-0.648697 6.017036
-0.654876 6.032174
-0.641383 6.052023
-0.657455 6.084369
-0.675425 6.115317
-0.696558 6.141933
-0.714417 6.174336
-0.737958 6.198073
-0.759310 6.225905
-0.770179 6.272672
-0.783852 6.316010
-0.795042 6.295916
-0.801949 6.289463
-0.636257 6.594366
-0.637633 6.598560
-0.624523 6.629021
-0.619187 6.645494
-0.626878 6.638314
-0.592268 6.708296
-0.595686 6.709030
-0.580910 6.743120
-0.567632 6.774608
-0.580537 6.750892
-0.811834 6.979711
-0.845958 6.979939
-0.815712 7.136456
-0.858979 7.118534
-0.891550 7.126169
-1.816665 4.805738
-1.824897 4.814223
-1.837342 4.811369
-1.850699 4.805554
-1.863271 4.801483
-1.875738 4.797276
-1.887791 4.793886
-1.889328 4.789127
-1.893895 4.784301
-1.898738 4.778504
-1.902950 4.774599
-1.909225 4.763996
-1.909820 4.762087
-1.956538 4.778433
-2.004565 4.793162
-2.007527 4.779479
-2.009066 4.779815
-2.010605 4.780149
-2.011522 4.783414
-2.011830 4.789616
-2.014406 4.785051
-2.017376 4.778523
-2.012856 4.808228
-2.022547 4.761216
-2.039049 4.746076
-2.050947 4.756465
-2.067025 4.743049
-2.079995 4.747189
-2.095275 4.735325
-2.108831 4.734157
-2.122103 4.734799
-2.122562 4.730825
-2.128511 4.723459
-2.133651 4.723022
-2.133861 4.721033
-2.145703 4.709857
-2.156517 4.714863
-2.168368 4.706788
-2.178928 4.716543
-2.190599 4.708210
-2.201923 4.703743
-2.213255 4.695151
-2.224289 4.692432
-2.224342 4.689433
-2.227519 4.693492
-2.230866 4.684543
-2.234085 4.684581
-2.234108 4.681581
-2.245916 4.680603
-2.258375 4.683498
-2.270370 4.668243
-2.282790 4.671829
-2.294974 4.669265
-2.307033 4.665553
-2.319247 4.664681
-2.319086 4.662688
-2.321916 4.658451
-2.324805 4.655203
-2.327584 4.650949
-2.327943 4.654933
-2.338963 4.647682
-2.350956 4.647413
-2.362704 4.645010
-2.374130 4.640481
-2.386220 4.640759
-2.396698 4.631017
-2.409069 4.632976
-2.406780 4.620179
-2.415895 4.617511
-2.415337 4.614563
-2.418412 4.613985
-2.422063 4.616340
-2.423970 4.609855
-2.423382 4.606913
-2.446864 4.602034
-2.469224 4.591582
-2.492538 4.585398
-2.492266 4.584435
-2.495051 4.585732
-2.496184 4.581253
-2.499249 4.583496
-2.502890 4.587649
-2.502328 4.585730
-2.511341 4.584094
-2.521593 4.586185
-2.530673 4.584355
-2.537832 4.576747
-2.547165 4.575697
-2.557519 4.577373
-2.564815 4.570488
-2.574853 4.571022
-2.574853 4.571022
-2.582135 4.565292
-2.592493 4.566582
-2.599461 4.559438
-2.608283 4.556842
-2.617891 4.555988
-2.628335 4.556854
-2.639251 4.558505
-2.643823 4.546465
-2.652561 4.543417
-2.661722 4.541175
-2.672241 4.541509
-2.674964 4.546855
-2.681786 4.539993
-2.680861 4.538219
-2.690928 4.537109
-2.699220 4.532658
-2.708933 4.530742
-2.723621 4.537395
-2.729387 4.528307
-3.233011 5.350432
-2.752014 4.528800
-2.755975 4.516966
-2.760832 4.506822
-2.760832 4.506822
-2.766151 4.497456
-2.763962 4.494109
-2.777606 4.496115
-2.789940 4.495034
-2.796566 4.485596
-2.807139 4.481792
-2.823036 4.485096
-2.836666 4.484948
-2.851588 4.486177
-2.860412 4.479323
-2.862271 4.481678
-2.864887 4.480890
-2.867503 4.480094
-2.877003 4.487869
-2.879641 4.487039
-2.878385 4.485483
-2.899971 4.490890
-2.909495 4.481640
-2.916261 4.469262
-2.932823 4.468019
-2.944052 4.460585
-2.959318 4.457357
-2.967666 4.446673
-2.974616 4.453864
-2.981327 4.445951
-2.993963 4.458771
-3.001589 4.451307
-3.012062 4.446406
-3.020344 4.439300
-3.032211 4.435518
-3.047766 4.434953
-3.066363 4.436822
-3.077575 4.431782
-3.074383 4.414179
-4.043047 5.218605
-3.093832 4.416085
-3.105184 4.418144
-3.117349 4.420744
-3.111187 4.415642
-3.138119 4.419360
-3.144819 4.406189
-3.154506 4.395398
-3.176083 4.393450
-4.278243 5.176840
-4.283678 5.141883
-4.290204 5.108160
-4.292054 5.071718
-4.292885 5.072275
-4.282305 5.041378
-4.287457 5.020733
-4.301690 5.005997
-4.319212 4.993235
-4.340074 4.982364
-4.361753 4.971752
-4.367038 4.951209
-3.365868 4.347564
-3.371215 4.338292
-3.378232 4.329951
-3.396593 4.327776
-3.387820 4.322977
-3.405072 4.324770
-3.411785 4.320753
-3.424135 4.327345
-3.435797 4.330987
-3.454544 4.338335
-3.475973 4.347021
-3.480614 4.346802
-3.487029 4.347496
-3.515622 4.359720
-3.630917 4.419779
-3.670977 4.299689
-3.672820 4.300467
-3.674948 4.292840
-3.664083 4.279891
-3.652057 4.274955
-3.649192 4.271408
-3.649097 4.269000
-3.658267 4.270351
-3.670225 4.272799
-3.677554 4.273350
-5.045878 4.818729
-3.760036 4.301424
-3.837135 4.332160
-3.873947 4.181406
-3.921734 4.179087
-6.156975 4.782109
-6.160075 4.744173
-6.169589 4.708018
-4.012243 4.135127
-4.026934 4.121342
-4.046396 4.108435
-6.046032 4.527979
-6.060409 4.494316
-6.065662 4.458699
-6.065670 4.422121
-6.041109 4.417461
-6.023711 4.385817
-6.025700 4.357702
-6.044246 4.332397
-4.587312 4.071297
-4.596920 4.055236
-4.568810 4.033613
-4.570233 4.016499
-4.566572 3.998739
-4.569724 3.981900
-5.923838 4.120504
-5.926849 4.093641
-5.916906 4.092570
-5.903888 4.054074
-5.893370 4.016066
-5.892428 3.979076
-5.877145 3.941199
-5.871454 3.904228
-5.868384 3.867537
-5.853952 3.830523
-5.851139 3.794139
-5.843961 3.757758
-5.829417 3.721483
-5.821508 3.685484
-5.820508 3.685488
-5.812484 3.678336
-5.808444 3.671187
-5.887387 3.663288
-6.041307 3.654228
-6.185207 3.644682
-6.304196 3.643106
-6.463444 3.598999
-6.610404 3.595589
-6.781475 3.455848
-6.807163 3.317109
-7.606584 3.088277
-7.623474 3.086359
-7.645573 3.077126
-7.692491 3.064957
-8.802101 2.928029
-8.795197 2.920677
-9.856647 2.785378
-9.871408 2.774101
-9.871264 2.764610
-4.872097 3.372580
-9.140659 2.845339
-5.573705 2.982434
-7.314040 2.608756
-5.727266 2.944988
-8.363800 2.367631
-4.475913 3.209543
-8.296063 2.366782
-8.249514 2.369288
-8.188337 2.375162
-8.187690 2.367647
-8.178251 2.362108
-8.172398 2.363425
-8.112618 2.097029
-8.057724 1.827560
-5.758742 2.567089
-8.390693 1.635034
-8.362385 1.558487
-8.334064 1.481985
-6.979408 1.907113
-6.953733 1.848745
-6.479086 1.973293
-6.048932 2.092361
-5.862825 2.170900
-5.822351 2.147403
-5.819598 2.148596
-5.816954 2.097166
-5.805826 2.048557
-5.804864 1.994797
-5.793250 1.945679
-5.772053 1.901125
-5.752953 1.855435
-4.568920 2.440248
-4.508241 2.473097
-4.435527 2.498455
-4.352624 2.530317
-4.287898 2.566186
-4.214623 2.581757
-4.136991 2.601114
-4.071113 2.615251
-4.006556 2.630053
-3.944170 2.644961
-3.886475 2.658312
-3.834246 2.669429
-3.779896 2.683125
-3.727629 2.696666
-3.674134 2.712268
-3.649446 2.729311
-3.622509 2.730248
-3.573326 2.747303
-3.535861 2.756891
-3.501879 2.764676
-3.468135 2.772985
-3.432261 2.783646
-3.396671 2.794864
-3.362153 2.806011
-3.327922 2.817694
-3.312463 2.814593
-3.310026 2.800732
-3.319961 2.792348
-3.317244 2.780781
-3.309309 2.773097
-3.289337 2.776082
-3.267246 2.781329
-3.257118 2.776075
-3.249169 2.768884
-3.242626 2.760389
-3.239624 2.748483
-3.235779 2.737265
-3.230396 2.727454
-3.226333 2.716252
-3.230569 2.712003
-3.226737 2.696939
-3.220820 2.686329
-3.219513 2.669856
-3.213229 2.658461
-3.208841 2.644880
-3.202955 2.632786
-3.198914 2.618464
-3.192077 2.607156
-3.186411 2.594363
-3.180593 2.581585
-3.173989 2.569599
-3.178429 2.564187
-3.172967 2.548123
-3.176728 2.543448
-3.170163 2.526105
-3.160372 2.512123
-3.152789 2.495018
-3.146123 2.476326
-3.136241 2.461699
-3.129591 2.442231
-3.119796 2.426887
-3.110882 2.409945
-3.101154 2.393886
-3.107719 2.383841
-3.110678 2.376215
-3.115804 2.365230
-3.120362 2.355070
-3.124900 2.344899
-3.128331 2.336396
-3.133912 2.324523
-3.139468 2.312635
-3.141221 2.306627
-3.147812 2.293032
-3.154819 2.282083
-3.145862 2.265730
-3.039186 2.186622
-3.026765 2.166139
-3.014528 2.143228
-3.002276 2.119485
-2.987459 2.100351
-2.973509 2.078607
-2.959135 2.056965
-2.945107 2.033589
-2.930613 2.010313
-2.935474 1.998256
-2.941262 1.980102
-2.944416 1.968435
-2.950526 1.949335
-2.955124 1.933939
-2.960439 1.916678
-2.973860 1.878965
-2.975418 1.870973
-2.968863 1.883433
-2.963063 1.894041
-2.958747 1.900936
-2.951513 1.915281
-2.946129 1.924982
-2.941854 1.931896
-2.937113 1.944001
-2.794738 1.905227
-2.783336 1.911185
-2.772568 1.915292
-2.770042 1.923931
-2.431148 3.077163
-2.429328 3.077673
-2.429427 3.071454
-2.427327 3.072932
-2.426514 3.075820
-2.412205 3.074351
-2.397378 3.072722
-2.381136 3.078299
-2.381951 3.074383
-2.366780 3.051018
-2.362526 3.037070
-2.358792 3.024938
-2.355444 3.007203
-2.351101 2.994428
-2.346544 2.981678
-2.341165 2.973918
-2.334868 2.973154
-2.463642 1.679481
-2.449652 1.639869
-2.453842 1.596069
-2.456564 1.539068
-2.458217 1.492013
-2.456092 1.484784
-2.308075 3.087962
-2.307848 3.081914
-2.308834 3.061920
-2.304668 3.100701
-2.305883 3.077718
-2.305968 3.076721
-2.278600 3.080389
-2.240198 0.401793
-2.240223 0.407794
-2.236597 0.406807
-2.233025 0.414825
-2.229369 0.408847
-2.225477 0.376874
-2.247663 3.067780
-2.247273 3.095783
-2.208138 -0.162986
-2.204249 -0.134938
-2.200072 -0.131885
-2.200016 -0.135884
-2.162474 -0.111193
-1.736530 -1.294629
-1.724597 -1.312487
-2.167436 2.887227
-2.166705 2.895348
-2.165451 2.898500
-2.163755 2.897680
-2.165905 2.916558
-2.158145 2.916448
-2.139759 2.908259
-2.122556 2.911928
-2.105083 2.914009
-2.130779 3.116892
-2.132252 3.123735
-1.456321 0.137678
-1.425941 0.151806
-1.391488 0.148704
-1.957684 2.518042
-1.947889 2.523644
-1.937382 2.526432
-1.924184 2.519691
-1.912801 2.519813
-1.903416 2.526747
-1.891154 2.524208
-2.080845 3.150114
-2.072274 3.123458
-2.072699 3.139233
-2.068037 3.141832
-1.345613 1.104044
-1.318484 1.102021
-1.758743 2.356083
-1.831729 2.582896
-1.826471 2.598853
-1.823712 2.620377
-1.819395 2.637241
-1.815738 2.655015
-1.812367 2.672767
-1.821151 2.692937
-1.823492 2.701732
-1.830673 2.721509
-1.833473 2.731197
-1.833471 2.734473
-1.829830 2.729519
-1.829020 2.730969
-1.824953 2.725114
-1.820871 2.719267
-1.817194 2.711052
-1.775653 2.721375
-1.736765 2.739257
-1.731492 2.729604
-1.719253 2.729483
-1.717789 2.726864
-1.709061 2.734824
-1.752890 2.833070
-1.751299 2.851441
-1.748999 2.868040
-1.743257 2.878674
-1.736598 2.887657
-1.726755 2.891689
-1.721438 2.902457
-1.716292 2.913245
-1.716292 2.913245
-1.711260 2.919504
-1.707952 2.929224
-1.701215 2.934111
-1.696322 2.941456
-1.687873 2.944062
-1.678813 2.945970
-1.674090 2.953466
-1.664429 2.954762
-1.656016 2.957718
-1.646967 2.959998
-1.632073 2.955533
-1.626883 2.949445
-1.618421 2.952149
-1.611159 2.957151
-1.597245 2.954792
-1.579182 2.948202
-1.568455 2.949920
-0.126105 1.445582
-0.105303 1.464114
-0.090979 1.489250
-1.688934 3.121210
-1.686712 3.129117
-1.688913 3.141176
-1.687471 3.139790
-1.686208 3.139657
-1.682055 3.136761
-0.000739 1.530890
0.444233 1.110702
-0.347029 1.869072
-0.366256 1.890933
0.098478 1.453808
0.092695 1.463695
0.097802 1.463270
0.096361 1.469025
0.103638 1.462166
0.292912 1.637589
0.312084 1.634319
0.562318 1.447691
0.556979 1.465101
0.558644 1.476906
0.154993 1.804852
-0.384859 2.234630
-0.485229 2.320606
-0.491565 2.325490
-0.499522 2.359530
-0.541878 2.482085
-0.502564 2.543666
-0.504240 2.544757
-0.496211 2.564576
-0.492255 2.567064
-0.495070 2.573831
-0.505525 2.585369
-0.497366 2.585198
-0.483255 2.581357
-0.475614 2.576602
-0.442405 2.611030
-0.405603 2.644722
-0.383531 2.687048
-1.401086 3.253058
-1.409124 3.257107
-1.409763 3.266068
-1.410543 3.275832
-1.409620 3.284698
-1.413332 3.295634
-1.415347 3.305652
-1.422053 3.317608
-1.424308 3.327448
-1.427596 3.337603
-1.436557 3.349928
-1.440093 3.359855
-1.432543 3.365376
-1.421346 3.361061
-1.410623 3.358288
-1.398023 3.354830
-1.383542 3.350696
-1.377463 3.349792
-1.362960 3.345726
-1.354996 3.344162
-1.341407 3.340518
-1.332042 3.337013
-1.307945 3.355303
-1.291088 3.377447
-1.267059 3.398043
-1.257447 3.395284
-1.242072 3.401825
-1.226650 3.397565
-1.210279 3.404359
-1.192533 3.411941
-1.174958 3.420403
-1.155491 3.428782
-1.138032 3.437990
-1.121623 3.447763
-1.103331 3.457495
-1.081181 3.466891
-1.060085 3.476927
-1.041356 3.473728
-1.018455 3.480899
-0.993925 3.488720
-0.969436 3.496972
-0.945986 3.505788
-0.921600 3.514893
-0.891312 3.523745
-0.868038 3.533871
-0.835879 3.543545
-0.806773 3.554054
-0.774752 3.564851
-0.742810 3.576221
-0.710885 3.574023
-0.675809 3.573893
-0.637736 3.573665
-0.603651 3.573805
-0.559583 3.573413
-0.517506 3.573272
-0.477422 3.573370
-0.422361 3.572706
-0.372447 3.569775
-3.059834 5.443014
-3.461538 2.097304
-0.216015 3.349497
0.079880 3.780439
0.132955 3.803240
0.132762 3.824679
0.127390 3.845773
0.125819 3.867100
0.114096 3.887531
0.111155 3.908640
0.106039 3.929500
0.100738 3.950288
0.092277 3.970629
0.093269 3.970753
---
timestamp: 1761724162396
0.087578 3.975989
0.084849 3.981585
0.083100 3.987300
0.080344 3.992874
0.078362 3.992607
0.073069 4.030506
0.063016 4.068275
0.055300 4.106355
0.044998 4.143888
0.036040 4.181627
0.025489 4.218966
0.023544 4.218504
0.022039 4.220515
0.021506 4.222757
0.020970 4.224998
0.021405 4.227474
0.018921 4.229244
0.019350 4.231719
0.017835 4.233721
0.018259 4.236198
0.017710 4.238436
0.018130 4.240914
0.019100 4.241155
-0.041314 4.442385
-0.039234 4.445553
-0.039990 4.447739
-0.036974 4.451243
-0.036792 4.453762
-0.035671 4.456614
-0.036439 4.458804
-0.035323 4.461659
-0.032327 4.465187
-0.033103 4.467380
-0.030115 4.470917
-0.030115 4.470917
-0.105820 4.669140
-0.109121 4.676268
-0.108826 4.685088
-0.108566 4.693920
-0.104952 4.695635
-0.116543 4.719200
-0.125868 4.744834
-0.136388 4.769932
-0.141023 4.798215
-0.147784 4.825574
-0.159256 4.850477
-0.164958 4.878763
-0.164091 4.879262
-0.172471 4.901630
-0.168454 4.908603
-0.161015 4.917634
-0.160472 4.922596
-0.160797 4.927051
-0.151702 4.937171
-0.152911 4.941129
-0.144347 4.946291
-0.176434 5.011061
-0.212750 5.074827
-0.253448 5.135838
-0.247797 5.139970
-0.243420 5.149231
-0.243096 5.155549
-0.237163 5.166039
-0.230461 5.177154
-0.231007 5.182917
-0.226199 5.186506
-0.241690 5.231485
-0.265350 5.271215
-0.287488 5.312518
-0.308959 5.354847
-0.332809 5.395596
-0.326110 5.401606
-0.331224 5.426622
-0.342946 5.446759
-0.346883 5.474383
-0.354761 5.498606
-0.365774 5.520028
-0.374185 5.544221
-0.379365 5.571968
-0.390453 5.594020
-0.401096 5.616747
-0.408579 5.643086
-0.417735 5.667969
-0.405555 5.681222
-0.402572 5.689347
-0.389483 5.708551
-0.383851 5.719665
-0.382955 5.725616
-0.369971 5.744901
-0.368443 5.751618
-0.359554 5.766505
-0.348690 5.783646
-0.339316 5.794044
-0.423228 5.891215
-0.514084 5.983215
-0.508076 5.991210
-0.503556 6.009076
-0.499113 6.026977
-0.497722 6.040895
-0.494609 6.057249
-0.494609 6.057249
-0.490667 6.127367
-0.299063 6.470775
-0.545365 6.186295
-0.388238 6.496276
-0.439033 6.498318
-0.456272 6.553004
-0.487980 6.502067
-0.625393 6.309588
-0.457604 6.613748
-0.445119 6.634244
-0.447426 6.652032
-0.441593 6.683553
-0.440041 6.708270
-0.409836 6.758951
-0.448765 6.847189
-0.487577 6.941830
-0.563334 6.970357
-0.634270 7.007940
-0.644290 6.987238
-1.726727 4.774520
-1.739004 4.773664
-1.749167 4.777235
-1.765406 4.766987
-1.775097 4.771235
-1.790247 4.762489
-1.799139 4.768368
-1.814775 4.757458
-1.827281 4.753814
-1.837208 4.756579
-1.849227 4.753625
-1.852687 4.744243
-1.854760 4.749273
-1.857201 4.753361
-1.864044 4.745204
-1.867077 4.736731
-1.874906 4.746010
-1.886550 4.746840
-1.896320 4.753252
-1.905883 4.760529
-1.914977 4.769636
-1.927860 4.766191
-1.941182 4.760672
-1.948218 4.735641
-1.957685 4.736658
-1.963844 4.724862
-1.965831 4.728505
-1.968344 4.730211
-1.972625 4.725136
-1.979619 4.709392
-1.981843 4.712032
-1.985299 4.709820
-1.988500 4.708566
-1.992409 4.704390
-1.997477 4.695342
-1.996649 4.710581
-2.000757 4.705402
-2.004607 4.701181
-2.007755 4.699870
-2.010894 4.698549
-2.013362 4.700144
-2.011902 4.719299
-2.019828 4.696483
-2.021017 4.703918
-2.023931 4.703535
-2.025174 4.710967
-2.027895 4.711550
-2.031430 4.708209
-2.035146 4.703876
-2.035670 4.715216
-2.040552 4.704983
-2.041136 4.716319
-2.044251 4.714896
-2.045480 4.723287
-2.050826 4.710058
-2.054275 4.706641
-2.053909 4.708607
-2.056583 4.704021
-2.057985 4.706316
-2.059218 4.709593
-2.062571 4.701056
-2.065546 4.694479
-2.066256 4.700701
-2.065221 4.706611
-2.087220 4.695830
-2.108246 4.691856
-2.128026 4.696395
-2.149066 4.688602
-2.148876 4.690593
-2.156055 4.687303
-2.163908 4.678953
-2.170975 4.679519
-2.178180 4.678040
-2.185539 4.673514
-2.192516 4.674927
-2.199600 4.674293
-2.206943 4.666614
-2.213860 4.668876
-2.220830 4.670091
-2.227940 4.664258
-2.228010 4.660259
-2.242592 4.664549
-2.249759 4.660561
-2.256999 4.667520
-2.264015 4.657428
-2.270964 4.650287
-2.278416 4.661087
-2.285330 4.654843
-2.292059 4.646554
-2.298892 4.642214
-2.306103 4.644812
-2.306353 4.648804
-2.319062 4.643035
-2.325367 4.646560
-2.330829 4.640084
-2.337070 4.642537
-2.342837 4.639975
-2.347719 4.629425
-2.354402 4.635742
-2.360091 4.633078
-2.365877 4.631371
-2.372173 4.633596
-2.372042 4.632605
-2.384319 4.630680
-2.389655 4.624842
-2.395552 4.622925
-2.401267 4.619986
-2.407970 4.622924
-2.413131 4.616957
-2.420048 4.620795
-2.424565 4.611816
-2.430926 4.612627
-2.437707 4.615353
-2.437103 4.612414
-2.448602 4.608979
-2.453204 4.604900
-2.458666 4.604697
-2.463211 4.600570
-2.468424 4.599336
-2.474112 4.600014
-2.477841 4.592904
-2.482759 4.590621
-2.487657 4.588311
-2.493852 4.590799
-2.493063 4.587904
-2.505624 4.591417
-2.511152 4.590878
-2.515826 4.587431
-2.521343 4.586830
-2.526564 4.585241
-2.532683 4.586482
-2.537902 4.584828
-2.542799 4.582195
-2.548949 4.583327
-2.552856 4.577796
-2.553827 4.580634
-2.563490 4.575314
-2.568796 4.575553
-2.574114 4.575761
-2.578743 4.574064
-2.583718 4.573279
-2.586901 4.567800
-2.592943 4.569764
-2.598278 4.569830
-2.602877 4.568009
-2.608222 4.568017
-2.607467 4.566165
-2.616998 4.562146
-2.620495 4.557421
-2.626735 4.559107
-2.633003 4.560751
-2.638077 4.559614
-2.643562 4.559359
-2.644888 4.549980
-2.652870 4.555121
-2.659639 4.557489
-2.657823 4.541764
-2.663427 4.553494
-2.679854 4.549930
-2.680958 4.541560
-2.686083 4.541216
-2.690297 4.539066
-2.696353 4.540440
-2.700095 4.537356
-2.708538 4.543072
-2.710379 4.536416
-2.716492 4.537656
-2.718894 4.542040
-2.729074 4.543243
-2.734195 4.544966
-2.733403 4.536232
-2.736036 4.533587
-2.735153 4.524875
-2.738243 4.523092
-2.738285 4.516125
-2.741343 4.514331
-2.743368 4.510808
-2.749504 4.514134
-2.751053 4.516704
-2.759128 4.517776
-2.766561 4.517916
-2.771354 4.513763
-2.775578 4.508740
-2.778673 4.502018
-2.786640 4.502817
-2.796298 4.506046
-2.802666 4.504210
-2.809597 4.503153
-2.822229 4.510262
-2.827505 4.506605
-2.824633 4.502512
-2.829021 4.501787
-2.837440 4.506857
-2.837733 4.500509
-2.843856 4.502267
-2.845281 4.497532
-2.852610 4.500848
-2.856992 4.500106
-2.861977 4.500143
-2.866971 4.500154
-2.869551 4.496955
-2.871508 4.492955
-2.873334 4.495336
-2.873177 4.486398
-2.882381 4.489383
-2.885423 4.484456
-2.894683 4.487323
-2.905250 4.491670
-2.900044 4.476583
-2.913186 4.483917
-2.920649 4.484231
-2.921677 4.476851
-2.937587 4.486970
-2.934015 4.474238
-2.933361 4.473481
-2.943349 4.468659
-2.957859 4.477197
-2.959098 4.470739
-2.969701 4.474653
-2.967520 4.464478
-2.976126 4.466084
-2.981351 4.463973
-2.988631 4.464010
-2.989029 4.456758
-2.993536 4.453843
-3.003246 4.463928
-3.004710 4.459377
-3.007777 4.460584
-3.013641 4.464649
-3.019516 4.468700
-3.020503 4.467739
-3.024292 4.469629
-3.016859 4.460113
-3.025564 4.466982
-3.038508 4.478095
-3.034576 4.472141
-3.037683 4.473288
-3.037969 4.471596
-3.038960 4.470612
-3.919837 5.347605
-3.927584 5.351169
-3.043343 4.469061
-3.937428 5.352617
-3.053853 4.475511
-3.947290 5.354027
-3.942957 5.345604
-3.056121 4.471796
-3.047818 4.461698
-3.052107 4.465894
-3.059923 4.453816
-3.053810 4.439940
-3.062920 4.440486
-3.079399 4.447747
-3.074581 4.435279
-3.088929 4.440335
-4.019428 5.266056
-3.094654 4.429491
-3.100848 4.427024
-3.107795 4.425168
-3.109306 4.426478
-3.131201 4.429911
-3.147433 4.435519
-3.157599 4.435859
-3.151585 4.422760
-3.153986 4.416696
-3.164134 4.416902
-3.164145 4.408917
-4.258603 5.264256
-4.236240 5.229599
-4.249984 5.223328
-4.230193 5.208054
-4.244191 5.206496
-4.238171 5.189671
-4.233647 5.174119
-4.242651 5.168801
-4.246822 5.159863
-4.242094 5.144398
-4.236467 5.128404
-4.255863 5.130645
-4.249306 5.114102
-4.246726 5.100532
-4.254691 5.094499
-4.256325 5.095652
-4.277682 5.061401
-4.287480 5.050529
-4.304717 5.044570
-4.323626 5.039554
-4.325760 5.023490
-4.329463 5.008525
-3.341926 4.368075
-3.350243 4.364252
-3.355145 4.358259
-3.354293 4.357736
-3.370090 4.360684
-3.373955 4.356255
-3.377802 4.351806
-3.403157 4.360052
-3.398394 4.350418
-3.387511 4.337332
-3.404298 4.340267
-3.427221 4.346521
-3.427551 4.339857
-3.424349 4.331259
-3.432485 4.328968
-3.450009 4.338607
-3.456779 4.326204
-3.486737 4.342283
-3.467302 4.323675
-3.480407 4.322429
-3.481094 4.314636
-3.507565 4.320035
-3.538589 4.327426
-3.558980 4.329169
-3.555184 4.318821
-3.563916 4.314633
-3.671885 4.357813
-3.651134 4.347893
-3.657207 4.342185
-3.643256 4.327216
-3.660989 4.327028
-3.656900 4.316759
-3.657309 4.308590
-3.646696 4.295580
-3.651571 4.289489
-3.647234 4.279410
-3.650197 4.272516
-3.656815 4.267154
-3.654171 4.257922
-3.659716 4.260214
-3.665079 4.255099
-3.674099 4.251513
-3.679399 4.246380
-3.685612 4.241578
-3.688081 4.235285
-3.739084 4.247575
-3.746256 4.242817
-4.629488 4.564690
-3.836578 4.261114
-3.806231 4.242220
-3.836946 4.245514
-3.829414 4.242817
-3.884224 4.244025
-3.872711 4.231421
-3.890500 4.228815
-3.922541 4.230764
-3.897585 4.213846
-6.121875 4.917861
-6.058097 4.877564
-6.061842 4.858921
-6.100889 4.851058
-3.960680 4.189836
-6.068102 4.821323
-4.030401 4.179633
-6.064841 4.731885
-4.043407 4.162716
-4.072083 4.160068
-4.105620 4.158383
-6.102972 4.654596
-6.038254 4.616736
-6.043217 4.596555
-6.031530 4.572431
-6.028611 4.571739
-6.029946 4.553213
-5.994081 4.526238
-6.009789 4.511102
-5.990253 4.488204
-5.997979 4.471317
-5.995834 4.452348
-4.404719 4.112305
-6.029525 4.422068
-4.494210 4.108294
-4.596497 4.116441
-4.570037 4.100114
-4.551346 4.096703
-4.582341 4.046698
-4.574517 3.990234
-4.567579 3.989299
-4.571476 3.983241
-4.577301 3.977304
-5.928432 4.141190
-5.924776 4.130161
-5.932010 4.120474
-5.920347 4.108530
-5.922556 4.098250
-5.911817 4.086517
-5.910981 4.075933
-5.899177 4.064193
-5.903251 4.054169
-5.895358 4.042925
-5.889421 4.031923
-5.881460 4.020770
-5.877448 4.010029
-5.871412 3.999138
-5.873314 3.988969
-5.870206 3.978378
-5.857250 3.977298
-5.857187 3.941145
-5.854421 3.923778
-5.848577 3.906251
-5.840652 3.888668
-5.843626 3.871761
-5.832537 3.854138
-5.834349 3.837206
-5.832084 3.820100
-5.822742 3.802774
-5.817315 3.785661
-5.821313 3.785783
-5.814449 3.748260
-5.810786 3.729727
-5.811027 3.711274
-5.841171 3.692955
-5.966221 3.674263
-6.014172 3.654726
-6.070017 3.634604
-6.131754 3.613807
-6.192376 3.592391
-6.275870 3.569735
-6.353843 3.567666
-6.443492 3.547770
-6.507877 3.527694
-6.563174 3.507424
-6.760240 3.480506
-6.784348 3.460170
-6.782401 3.440976
-6.793351 3.421065
-6.862108 3.397552
-7.639260 3.327543
-7.622776 3.305706
-7.627148 3.282467
-7.647094 3.281004
-7.646194 3.255039
-7.679986 3.226032
-7.711630 3.196866
-8.846384 3.065070
-8.827445 3.034811
-8.800409 3.005538
-8.814011 2.972133
-8.803593 2.941259
-8.798988 2.909772
-9.861320 2.748126
-9.865694 2.710292
-9.869662 2.709789
-9.854805 2.584100
-5.417652 3.202789
-5.717200 3.137210
-4.237167 3.355650
-6.645637 2.939964
-5.366348 3.135663
-4.259812 3.315684
-4.874140 3.189446
-5.688221 3.038264
-5.441966 3.065126
-4.760522 3.180755
-8.165737 2.472509
-5.386950 3.019428
-8.305997 2.371346
-8.271078 2.342646
-8.254557 2.310086
-8.195015 2.287683
-8.179175 2.255428
-8.148057 2.262888
-8.141649 2.235758
-8.165937 2.200604
-8.132848 2.179744
-8.133572 2.150371
-8.115780 2.125816
-8.127821 2.093329
-8.097255 2.072340
-5.562551 2.751343
-4.102952 3.149897
-8.600703 1.838466
-5.275949 2.785687
-5.209761 2.805183
-6.774616 2.292759
-4.804407 2.880730
-4.442760 2.980719
-9.460073 1.345505
-9.299484 1.356201
-8.377822 1.623658
-8.375414 1.588383
-8.364300 1.556028
-8.353959 1.523398
-8.358674 1.521735
-6.992841 1.919916
-6.977923 1.899928
-6.962923 1.880043
-6.483365 2.039888
-6.083638 2.173562
-6.043962 2.168346
-5.852218 2.224794
-5.846235 2.207362
-5.841091 2.189572
-5.839243 2.190337
-5.829157 2.152720
-5.827534 2.133673
-5.830393 2.112606
-5.839533 2.088647
-5.844878 2.066204
-5.831879 2.051941
-5.831546 2.031920
-5.831105 2.011868
-5.825126 1.994338
-4.635493 2.540643
-4.627368 2.544514
-4.594292 2.546698
-4.558261 2.550297
-4.501701 2.564410
-4.458748 2.572330
-4.417708 2.579736
-4.363443 2.594351
-4.328014 2.599799
-4.282948 2.610673
-4.242451 2.619613
-4.199446 2.630338
-4.157471 2.640976
-4.126717 2.657685
-4.085575 2.657477
-4.052483 2.665879
-4.020365 2.674049
-3.981405 2.686447
-3.952106 2.693650
-3.922035 2.701586
-3.892062 2.709759
-3.866485 2.715611
-3.834130 2.725780
-3.805310 2.734132
-3.755719 2.764211
-3.719651 2.754904
-3.687957 2.764621
-3.672388 2.764370
-3.658531 2.763163
-3.643863 2.762622
-3.614228 2.772161
-3.559816 2.798692
-3.541292 2.801608
-3.522007 2.805255
-3.506338 2.816002
-3.482518 2.814661
-3.465427 2.818156
-3.447582 2.822372
-3.427370 2.828492
-3.410475 2.832426
-3.388809 2.840054
-3.368043 2.847269
-3.352168 2.851059
-3.342731 2.850148
-3.338870 2.845055
-3.343636 2.841410
-3.341988 2.825856
-3.338769 2.820113
-3.339432 2.811268
-3.336139 2.805529
-3.331264 2.801063
-3.327143 2.795989
-3.318375 2.794759
-3.304247 2.798078
-3.288644 2.802799
-3.282248 2.799870
-3.277678 2.803759
-3.274272 2.799251
-3.269783 2.795558
-3.267540 2.789914
-3.266019 2.783612
-3.262967 2.778636
-3.261380 2.772334
-3.259758 2.766030
-3.258101 2.759723
-3.255672 2.754091
-3.253947 2.747783
-3.252187 2.741474
-3.253648 2.740108
-3.248244 2.726624
-3.247094 2.718181
-3.244452 2.711120
-3.242477 2.703361
-3.241159 2.694894
-3.238369 2.687831
-3.234831 2.681484
-3.231952 2.674432
-3.229028 2.667384
-3.226750 2.659619
-3.229518 2.656731
-3.223139 2.643456
-3.218919 2.638124
-3.215347 2.632074
-3.213088 2.624557
-3.210109 2.617780
-3.207087 2.611008
-3.204023 2.604241
-3.203556 2.594474
-3.200392 2.587705
-3.197838 2.580184
-3.199144 2.578669
-3.196768 2.571122
-3.194042 2.563540
-3.190622 2.556726
-3.187797 2.549149
-3.185556 2.540801
-3.182626 2.533224
-3.179644 2.525650
-3.175987 2.518859
-3.173526 2.510508
-3.170390 2.502942
-3.167815 2.494588
-3.169651 2.492216
-3.168051 2.483076
-3.165497 2.474823
-3.162286 2.467368
-3.159622 2.459114
-3.156900 2.450859
-3.154711 2.441795
-3.151285 2.434346
-3.148392 2.426089
-3.146598 2.416201
-3.143007 2.408758
-3.139937 2.400500
-3.142220 2.397215
-3.133150 2.384774
-3.131033 2.376076
-3.127745 2.369035
-3.126071 2.359499
-3.122684 2.352460
-3.123616 2.338721
-3.119031 2.333356
-3.117644 2.322949
-3.114582 2.315065
-3.112529 2.305488
-3.115184 2.301251
-3.112091 2.290732
-3.107546 2.282044
-3.102934 2.273367
-3.099795 2.262125
-3.096563 2.250879
-3.091723 2.242219
-3.087317 2.232705
-3.084322 2.220593
-3.080242 2.210216
-3.075104 2.201589
-3.070863 2.191225
-3.073755 2.185968
-3.063572 2.168730
-3.061528 2.155154
-3.057049 2.145991
-3.051579 2.138611
-3.047427 2.128579
-3.042293 2.120336
-3.038441 2.109424
-3.034060 2.099410
-3.030040 2.088504
-3.025064 2.079401
-3.032457 2.064093
-3.021384 2.049756
-3.018087 2.039361
-3.015557 2.027150
-3.012107 2.016752
-3.010232 2.002709
-3.007030 1.991392
-3.002940 1.981904
-2.999987 1.969671
-2.995756 1.960189
-2.996566 1.938757
-3.002066 1.925883
-2.990846 1.876437
-2.981599 1.872667
-2.968640 1.878238
-2.958672 1.876445
-2.945829 1.882171
-2.934482 1.884242
-2.921075 1.892002
-2.909492 1.895160
-2.899320 1.894628
-2.897619 1.899330
-2.878461 1.897619
-2.867290 1.902190
-2.857786 1.902092
-2.847028 1.905838
-2.836945 1.907747
-2.826277 1.911615
-2.816267 1.913638
-2.806589 1.914762
-2.796641 1.916895
-2.787015 1.918125
-2.783249 1.930567
-2.438161 3.061795
-2.432211 3.071496
-2.427462 3.077394
-2.425761 3.072738
-2.422150 3.074829
-2.420664 3.069222
-2.416029 3.075209
-2.412977 3.075423
-2.410929 3.071778
-2.406401 3.077834
-2.403375 3.078096
-2.404336 3.074213
-2.398197 3.074390
-2.394882 3.075654
-2.390917 3.079861
-2.388947 3.075306
-2.386088 3.074666
-2.383018 3.075017
-2.380563 3.072446
-2.377888 3.070865
-2.380232 3.043788
-2.377223 3.043189
-2.379299 3.032387
-2.374625 3.026202
-2.372153 3.024729
-2.371045 3.015383
-2.370031 3.005050
-2.367297 3.004580
-2.366318 2.993262
-2.364470 2.986881
-2.361662 2.986433
-2.360033 2.978085
-2.357907 2.972708
-2.540205 1.715859
-2.514682 1.672596
-2.506919 1.649426
-2.499508 1.621318
-2.489900 1.610126
-2.483183 1.571140
-2.474535 1.547089
-2.469126 1.487242
-2.459252 1.469218
-2.450058 1.441276
-2.309939 3.057212
-2.305163 3.071670
-2.300796 3.078337
-2.298198 3.060092
-2.293480 3.072799
-2.289745 3.070563
-2.284731 3.094320
-2.281568 3.081148
-2.278131 3.070991
-2.422184 -0.997459
-2.355825 0.487679
-2.335336 0.736178
-2.326354 0.566896
-2.314659 0.466628
-2.301411 0.416401
-2.287300 0.412227
-2.273157 0.407114
-2.258971 0.401063
-2.244807 0.415073
-2.230605 0.409145
-2.216511 0.416278
-2.216486 0.414279
-2.201752 0.376068
-2.186439 0.337340
-2.242615 3.107766
-2.156256 0.309080
-2.236475 3.073912
-2.234421 3.088986
-2.232888 3.113057
-2.076145 -0.130175
-2.059279 -0.132351
-2.042728 -0.128462
-2.025661 -0.133484
-2.009522 -0.123461
-1.993119 -0.118357
-1.993883 -0.107384
-1.955117 -0.119877
-1.840122 -1.275354
-1.815294 -1.296302
-1.792501 -1.293229
-1.767673 -1.310952
-2.175598 2.879237
-2.173224 2.891541
-2.169513 2.890930
-2.166490 2.896297
-2.162671 2.894726
-2.163033 2.897704
-2.152303 2.899842
-2.149093 2.902293
-2.147344 2.914654
-2.144516 2.919104
-2.142185 2.926528
-2.136456 2.912232
-2.133186 2.913762
-2.130260 2.917278
-2.125484 2.909966
-2.126167 2.913907
-2.153460 3.103785
-2.153397 3.118024
-2.151759 3.123414
-2.147840 3.117035
-1.540457 0.134227
-1.523557 0.135640
-1.507485 0.141047
-1.487840 0.129914
-1.469809 0.126696
-1.451509 0.122596
-1.994575 2.513701
-1.984530 2.519846
-1.979045 2.520121
-1.972837 2.517509
-1.966357 2.513959
-1.958594 2.505602
-1.955050 2.513739
-1.949258 2.513187
-1.944239 2.515559
-1.938704 2.516025
-1.932355 2.513629
-2.108506 3.140344
-2.102405 3.137808
-2.101362 3.143314
-2.093724 3.126798
-2.097366 3.147628
-1.444689 1.062365
-1.434163 1.070901
-1.423699 1.079479
-1.412053 1.084295
-1.398228 1.082521
-1.809048 2.340140
-1.809048 2.340140
-1.789290 2.345458
-1.785352 2.353218
-1.861158 2.579937
-1.857287 2.584538
-1.855551 2.594772
-1.852482 2.601259
-1.851616 2.613352
-1.848671 2.619840
-1.847981 2.631914
-1.856427 2.653307
-1.849409 2.664600
-1.848048 2.675949
-1.847178 2.688208
-1.845642 2.698608
-1.844202 2.708998
-1.841658 2.716628
-1.839585 2.725172
-1.838409 2.735537
-1.835671 2.742248
-1.830895 2.744423
-1.828800 2.739883
-1.820200 2.741556
-1.815057 2.738451
-1.812485 2.740778
-1.806875 2.736811
-1.803427 2.737365
-1.797330 2.732547
-1.792086 2.729551
-1.787713 2.728367
-1.783326 2.727203
-1.778927 2.726056
-1.776210 2.720707
-1.774531 2.720243
-1.770559 2.715530
-1.768400 2.714385
-1.765322 2.711465
-1.764529 2.712995
-1.760520 2.708309
-1.759264 2.708956
-1.757084 2.707832
-1.764016 2.721135
-1.763930 2.830468
-1.768500 2.838222
-1.764378 2.847545
-1.766599 2.857874
-1.766281 2.863910
-1.766000 2.869938
-1.763646 2.872559
-1.760773 2.874339
-1.761643 2.882049
-1.759879 2.885523
-1.757592 2.888159
-1.755319 2.890800
-1.753691 2.888281
-1.751214 2.893118
-1.746254 2.895168
-1.744087 2.901402
-1.740289 2.905154
-1.737651 2.910572
-1.732201 2.911891
-1.727325 2.914065
-1.721877 2.915456
-1.718767 2.920128
-1.713335 2.921581
-1.709091 2.924679
-1.709685 2.925483
-1.706337 2.927606
-1.704647 2.932607
-1.699359 2.932833
-1.696498 2.936264
-1.691818 2.937335
-1.689602 2.941583
-1.681209 2.937993
-1.680260 2.943842
-1.671191 2.939565
-1.666490 2.940785
-1.656071 2.935081
-1.653531 2.931992
-1.642979 2.933692
-1.639499 2.936610
-1.637333 2.941064
-1.633888 2.944009
-1.621914 2.937171
-1.615147 2.936435
-1.609024 2.936495
-1.598211 2.931386
-1.591364 2.930810
-0.179427 1.393890
-0.189550 1.404960
-0.166447 1.424620
-0.150546 1.428544
-0.151172 1.449961
-0.138104 1.456893
-0.123664 1.462461
-0.112027 1.470975
-1.710822 3.111869
-1.706825 3.112997
-1.705663 3.116971
-1.708799 3.125156
-1.710224 3.126560
-1.699381 3.131695
-1.695366 3.132993
-1.690622 3.133632
-1.691730 3.139752
-1.683320 3.137043
-1.680044 3.139120
-0.307621 1.904508
-0.316343 1.929191
-0.320017 1.949108
0.159753 1.524016
0.175449 1.557999
0.186817 1.572710
0.205729 1.581021
0.222326 1.591406
0.239655 1.601275
0.257727 1.610643
0.276552 1.619523
0.296139 1.627928
0.322782 1.630919
0.565611 1.465743
0.565611 1.465743
0.556210 1.515516
0.573142 1.521240
0.526103 1.575105
0.190686 1.842896
0.172535 1.872129
0.186468 1.877563
-0.437554 2.345643
-0.473463 2.383014
-0.451011 2.378285
-0.452640 2.379446
-0.439155 2.397963
-0.524758 2.471046
-0.536696 2.492522
-0.535541 2.504900
-0.526978 2.512268
-0.520116 2.520793
-0.516647 2.531542
-0.508198 2.539049
-0.504842 2.549834
-0.500705 2.560090
-0.493086 2.555298
-0.508804 2.586594
-0.505846 2.593303
-0.499495 2.597944
-0.491441 2.601585
-0.478240 2.602193
-0.461579 2.600842
-0.453509 2.604663
-0.440259 2.605506
-0.429590 2.607930
-0.428724 2.607430
-0.427216 2.613958
-0.416088 2.615270
-0.401469 2.614673
-0.402523 2.622970
-0.400116 2.629303
-0.406231 2.632710
-1.419656 3.221384
-1.416082 3.232512
-1.417130 3.245888
-1.420711 3.247670
-1.417540 3.267478
-1.422940 3.274776
-1.420215 3.278249
-1.424786 3.285052
-1.423017 3.288936
-1.427665 3.295666
-1.429609 3.301141
-1.426080 3.304207
-1.437093 3.308971
-1.431685 3.326802
-1.449382 3.339018
-1.445794 3.342583
-1.446882 3.347989
-1.441467 3.350872
-1.433252 3.352745
-1.430660 3.356782
-1.421512 3.358440
-1.384873 3.345076
-1.375851 3.352372
-1.372707 3.352393
-1.361907 3.349940
-1.358653 3.350147
-1.352565 3.349378
-1.343637 3.347647
-1.336594 3.346589
-1.333331 3.346844
-1.326281 3.345817
-1.315869 3.342269
-1.301446 3.353693
-1.282417 3.364045
-1.262063 3.371602
-1.252105 3.377190
-1.242173 3.382915
-1.232271 3.388778
-1.225302 3.395530
-1.213527 3.401159
-1.209647 3.400187
-1.193755 3.401293
-1.184708 3.404593
-1.177614 3.408432
-1.166635 3.411438
-1.156635 3.414764
-1.147618 3.418396
-1.138611 3.422109
-1.131572 3.426315
-1.119649 3.429582
-1.110673 3.433545
-1.097782 3.436827
-1.088948 3.435108
-1.072581 3.445189
-1.062745 3.443386
-1.037905 3.450976
-1.026182 3.454204
-1.016438 3.457851
-1.003741 3.461099
-0.990062 3.464296
-0.976388 3.467602
-0.963709 3.471165
-0.949058 3.474545
-0.937180 3.472841
-0.906955 3.478596
-0.888700 3.479238
-0.875399 3.480612
-0.859121 3.481660
-0.842842 3.482780
-0.824576 3.483726
-0.811270 3.485359
-0.794986 3.486694
-0.772742 3.487400
-0.754865 3.485297
-0.713594 3.503866
-0.696348 3.526522
-0.674960 3.531235
-0.656478 3.536374
-0.636017 3.541516
-0.619563 3.547104
-0.597140 3.552433
-0.574733 3.557945
-0.552344 3.563641
-0.524981 3.569253
-0.503628 3.575386
-0.482653 3.574354
-0.425835 3.591275
-0.401853 3.590355
-0.336086 3.609785
-0.305800 3.620780
-0.267578 3.632022
-0.235422 3.643776
-0.200336 3.655912
-0.157325 3.668498
-0.114393 3.681604
-0.071395 3.682010
-0.027328 3.658330
0.023264 3.707549
0.116261 3.721837
0.132910 3.734967
0.138495 3.747877
0.134018 3.760435
0.134470 3.773180
0.132856 3.785830
0.130177 3.798407
0.131425 3.811211
0.124622 3.823488
0.123624 3.823420
0.115869 3.847496
0.113875 3.847339
0.102309 3.908789
---
timestamp: 1761724174473
0.083631 3.981299
0.083061 3.992709
0.079467 4.003685
0.076810 4.014784
0.073113 4.025711
0.072326 4.037088
0.069510 4.048138
0.067628 4.059339
0.062738 4.070009
0.060750 4.081176
0.059767 4.080997
0.049449 4.129589
0.048470 4.129389
0.042582 4.153956
0.022932 4.221725
0.023025 4.229685
0.018244 4.236423
0.016349 4.243883
0.016364 4.251841
0.012485 4.258784
0.008584 4.265708
0.009488 4.273921
0.005542 4.280823
0.003501 4.288240
0.003361 4.296194
-0.001616 4.302782
-0.000846 4.311008
-0.004906 4.317844
-0.003946 4.318125
-0.011276 4.349332
-0.012533 4.356813
-0.016676 4.363394
-0.016073 4.371469
-0.020258 4.378026
-0.022561 4.385181
-0.021087 4.393577
-0.023439 4.400730
-0.025815 4.407875
-0.026319 4.415654
-0.023478 4.416617
-0.046010 4.480652
-0.049021 4.500063
-0.054996 4.518388
-0.062051 4.536300
-0.066476 4.555290
-0.064625 4.556047
-0.072315 4.572068
-0.073352 4.577140
-0.074401 4.582211
-0.074541 4.587675
-0.074695 4.593142
-0.071018 4.594716
-0.084814 4.631610
-0.101294 4.695971
-0.108149 4.707843
-0.112381 4.721004
-0.118480 4.733252
-0.120195 4.747737
-0.125559 4.760399
-0.127456 4.774893
-0.130331 4.788933
-0.134179 4.802501
-0.128898 4.805349
-0.147870 4.842097
-0.159075 4.869896
-0.174083 4.895553
-0.182580 4.925197
-0.201653 4.948433
-0.210063 4.978443
-0.225568 5.004018
-0.238087 5.031663
-0.195936 5.060373
-0.201478 5.078939
-0.209696 5.095994
-0.222122 5.110098
-0.228170 5.128797
-0.236799 5.145705
-0.239966 5.166763
-0.252089 5.181196
-0.258777 5.199811
-0.268778 5.215943
-0.250683 5.230141
-0.257502 5.237247
-0.259860 5.248270
-0.258378 5.262433
-0.262414 5.272225
-0.263400 5.284541
-0.268311 5.293695
-0.267878 5.307309
-0.275190 5.314531
-0.275649 5.327527
-0.273357 5.329462
-0.277694 5.348405
-0.276538 5.354747
-0.279187 5.357834
-0.276543 5.365493
-0.266360 5.379713
-0.269803 5.382160
-0.262696 5.393802
-0.266159 5.396253
-0.261356 5.405951
-0.258830 5.413688
-0.258830 5.413688
-0.284373 5.464648
-0.307626 5.527463
-0.322531 5.541446
-0.327591 5.565162
-0.337834 5.583945
-0.348252 5.602682
-0.361621 5.618492
-0.352596 5.627849
-0.353315 5.638192
-0.352766 5.650130
-0.358461 5.655556
-0.354569 5.671153
-0.358957 5.678033
-0.357915 5.690757
-0.363047 5.696902
-0.364133 5.707447
-0.363913 5.719477
-0.365766 5.729307
-0.362962 5.744331
-0.361619 5.745813
-0.376923 5.771570
-0.414102 5.844589
-0.449159 5.877501
-0.477396 5.919293
-0.475544 5.921653
-0.484432 5.938574
-0.475782 5.954644
-0.474494 5.961234
-0.476268 5.963867
-0.467689 5.979980
-0.469484 5.982622
-0.460346 5.999559
-0.458522 6.006979
-0.456712 6.014404
-0.454916 6.021837
-0.456758 6.024494
-0.456190 6.030341
-0.434540 6.064121
-0.447863 6.051628
-0.444331 6.061489
-0.183505 6.408368
-0.494077 6.152080
-0.339333 6.431805
-0.358501 6.466684
-0.386481 6.456497
-0.389804 6.483904
-0.397186 6.505487
-0.399874 6.534640
-0.421064 6.535153
-0.446998 6.527904
-0.431033 6.553303
-0.440662 6.601423
-0.442814 6.628543
-0.469424 6.615441
-0.450314 6.678612
-0.471369 6.674832
-0.484288 6.684743
-0.503259 6.684206
-0.473086 6.769523
-0.493353 6.767250
-0.609687 6.592900
-0.453542 6.872218
-0.479076 6.904579
-0.497255 6.951891
-0.522675 6.986745
-0.571651 6.975915
-0.587938 7.029908
-0.602087 7.001206
-0.616963 6.992703
-0.632538 6.983620
-0.643268 6.984384
-0.654423 6.984211
-0.669436 6.975877
-1.721231 4.775321
-1.726377 4.772226
-1.728966 4.774550
-1.732825 4.774146
-1.739184 4.768277
-1.744677 4.764202
-1.749318 4.761927
-1.753123 4.761458
-1.757737 4.759151
-1.761119 4.759570
-1.765709 4.757233
-1.771884 4.751214
-1.777491 4.738386
-1.799263 4.737794
-1.806422 4.740770
-1.816208 4.737203
-1.824096 4.738206
-1.831977 4.739153
-1.839499 4.740977
-1.843894 4.751187
-1.844242 4.750250
-1.863499 4.746413
-1.870464 4.742516
-1.876083 4.742359
-1.880087 4.746909
-1.885076 4.748600
-1.889760 4.751218
-1.895076 4.751913
-1.899479 4.755441
-1.902711 4.762768
-1.901514 4.766585
-1.909094 4.759271
-1.914624 4.759930
-1.916439 4.773019
-1.920339 4.779397
-1.936182 4.744441
-1.939991 4.750740
-1.947328 4.744500
-1.956965 4.729531
-1.958448 4.744445
-1.965646 4.738088
-1.972527 4.732655
-1.972527 4.732655
-1.982884 4.735454
-1.990285 4.726980
-1.996218 4.724299
-1.997604 4.741069
-2.006001 4.727618
-2.011015 4.728755
-2.017096 4.724984
-2.022928 4.722157
-2.030757 4.709506
-2.035290 4.712489
-2.030530 4.736012
-2.040232 4.709241
-2.043558 4.716017
-2.048053 4.716888
-2.053823 4.710857
-2.059893 4.702827
-2.063985 4.705599
-2.068943 4.703427
-2.073384 4.704191
-2.078792 4.699014
-2.082432 4.704674
-2.087487 4.701427
-2.087183 4.703403
-2.093233 4.698187
-2.098540 4.698977
-2.103714 4.700730
-2.110223 4.692546
-2.116136 4.688291
-2.121148 4.690949
-2.126417 4.691597
-2.132138 4.688243
-2.137500 4.687841
-2.142652 4.689401
-2.148494 4.683968
-2.148397 4.684963
-2.153045 4.684324
-2.158834 4.674818
-2.163377 4.679232
-2.168192 4.680634
-2.173092 4.681017
-2.178538 4.673395
-2.182326 4.690694
-2.188446 4.671043
-2.192707 4.682313
-2.198497 4.664600
-2.203099 4.669833
-2.203187 4.667835
-2.212510 4.684054
-2.217950 4.664231
-2.222702 4.664373
-2.227211 4.676491
-2.232176 4.666591
-2.236928 4.667665
-2.241696 4.667718
-2.246468 4.664749
-2.251205 4.659756
-2.255919 4.657742
-2.255960 4.662742
-2.265655 4.659537
-2.270429 4.660452
-2.275212 4.661345
-2.279810 4.656219
-2.284398 4.652070
-2.289197 4.653895
-2.293829 4.651701
-2.298440 4.649487
-2.303144 4.649247
-2.307664 4.645991
-2.307846 4.648985
-2.316991 4.643322
-2.321909 4.646986
-2.326464 4.645642
-2.330248 4.635309
-2.335184 4.638907
-2.339218 4.632524
-2.344473 4.639061
-2.348762 4.635624
-2.354312 4.644099
-2.358146 4.636644
-2.358483 4.639626
-2.361978 4.635035
-2.366785 4.639507
-2.369755 4.629074
-2.375226 4.638465
-2.379309 4.636926
-2.382278 4.627447
-2.386305 4.625878
-2.390615 4.626272
-2.395833 4.632578
-2.398786 4.624038
-2.402144 4.618453
-2.402304 4.619440
-2.407331 4.620564
-2.412034 4.617754
-2.417235 4.617874
-2.422263 4.616982
-2.428026 4.619996
-2.432685 4.617085
-2.436733 4.611209
-2.442326 4.613155
-2.447123 4.611154
-2.452116 4.610106
-2.457318 4.610009
-2.456887 4.608056
-2.464730 4.604004
-2.468313 4.602155
-2.472815 4.604183
-2.476155 4.601332
-2.479955 4.600410
-2.482776 4.595594
-2.486058 4.592709
-2.489572 4.590780
-2.493842 4.591738
-2.497604 4.590745
-2.497863 4.591711
-2.513088 4.590614
-2.516551 4.584425
-2.522236 4.585894
-2.528523 4.589243
-2.532494 4.584907
-2.538525 4.587233
-2.543370 4.585711
-2.548516 4.585115
-2.553978 4.585441
-2.553349 4.583542
-2.554578 4.583138
-2.556124 4.583680
-2.557035 4.582324
-2.558901 4.583809
-2.561735 4.588133
-2.561681 4.583931
-2.562264 4.581623
-2.563815 4.582152
-2.562841 4.579315
-2.583551 4.577099
-2.603392 4.571785
-2.602665 4.569922
-2.605932 4.566319
-2.610263 4.564605
-2.614963 4.563797
-2.621952 4.568512
-2.624750 4.563032
-2.629455 4.562149
-2.632583 4.557567
-2.638069 4.558477
-2.642766 4.557526
-2.647462 4.556550
-2.652158 4.555550
-2.651334 4.553728
-2.657360 4.557454
-2.658569 4.550306
-2.663112 4.550412
-2.666382 4.547783
-2.673083 4.552363
-2.675919 4.548796
-2.679171 4.546119
-2.684175 4.547019
-2.688304 4.546103
-2.692432 4.545167
-2.696107 4.543322
-2.695654 4.542430
-2.702060 4.543565
-2.708618 4.544686
-2.712398 4.540459
-2.719449 4.542387
-2.723198 4.538113
-2.724509 4.529440
-2.733515 4.534762
-2.745534 4.545242
-2.744309 4.532161
-2.747457 4.526914
-2.751068 4.522521
-2.751068 4.522521
-2.756811 4.514474
-2.759419 4.511758
-2.762014 4.509034
-2.761989 4.502037
-2.767165 4.503564
-2.774998 4.509312
-2.778102 4.507387
-2.782268 4.507142
-2.784291 4.503503
-2.785754 4.499019
-2.789534 4.504910
-2.793864 4.500867
-2.803766 4.505163
-2.809853 4.503548
-2.820418 4.508520
-2.826544 4.506793
-2.832670 4.505024
-2.835924 4.499118
-2.844339 4.500542
-2.845787 4.492153
-2.852453 4.491052
-2.863873 4.496342
-2.863873 4.496342
-2.873751 4.491599
-2.880231 4.491728
-2.881246 4.484676
-2.890789 4.488695
-2.892367 4.482409
-2.898864 4.482399
-2.904752 4.481565
-2.915045 4.486140
-2.915918 4.479009
-2.916737 4.471889
-2.918008 4.473433
-2.925940 4.466914
-2.936769 4.472182
-2.935302 4.462936
-2.943574 4.465069
-2.955167 4.470912
-2.956254 4.464656
-2.960621 4.462144
-2.970988 4.466311
-2.972013 4.460019
-2.980416 4.461855
-2.973671 4.454473
-3.000597 4.467695
-3.003015 4.462709
-2.998518 4.450466
-3.007760 4.452724
-3.012867 4.450599
-3.017274 4.447729
-3.026583 4.449821
-3.032403 4.448297
-3.041768 4.450265
-3.039067 4.440223
-3.049033 4.450056
-3.049098 4.437138
-3.051529 4.434636
-3.070560 4.448040
-3.069404 4.442022
-3.068219 4.436020
-3.075018 4.437569
-3.087679 4.444545
-3.085005 4.437159
-3.991281 5.268789
-3.092070 4.433951
-3.097229 4.438683
-3.111205 4.443938
-3.107497 4.433147
-3.123115 4.439710
-3.120073 4.429596
-3.124483 4.426111
-3.136438 4.429149
-3.137057 4.422324
-3.148300 4.424576
-3.156523 4.424162
-3.158618 4.418566
-3.159138 4.411694
-3.175333 4.425063
-3.182624 4.414528
-4.264590 5.256703
-4.271268 5.230402
-4.260914 5.191404
-4.278055 5.173680
-4.286160 5.149277
-4.276911 5.112633
-4.285040 5.118455
-4.285623 5.096833
-4.291613 5.095283
-4.282035 5.082823
-4.289647 5.082411
-4.282477 5.071711
-4.266227 5.054788
-4.273806 5.054379
-4.283039 5.055075
-4.278244 5.046155
-4.285826 5.045694
-4.292584 5.044648
-4.298517 5.043023
-4.307773 5.043612
-4.320360 5.046394
-4.323685 5.048619
-3.359225 4.369506
-3.366529 4.364096
-3.369354 4.355841
-3.394293 4.361152
-3.385953 4.346025
-3.421303 4.357099
-3.402484 4.335897
-3.421547 4.336967
-3.408511 4.319526
-3.427634 4.330402
-3.429102 4.321973
-3.435824 4.324302
-3.442551 4.326619
-3.463259 4.336713
-3.473500 4.340938
-3.463638 4.333984
-3.480885 4.342066
-3.486768 4.343830
-3.496160 4.347515
-3.516949 4.357448
-3.512335 4.353390
-3.510582 4.352428
-3.656989 4.377442
-3.648971 4.337684
-3.660574 4.327390
-3.676902 4.327943
-3.654236 4.310311
-3.657816 4.304951
-3.651356 4.295033
-3.645890 4.292558
-3.645452 4.288819
-3.644003 4.284735
-3.647111 4.282695
-3.649302 4.280240
-3.650574 4.277374
-3.655149 4.279390
-3.681182 4.262038
-3.687262 4.244808
-3.691272 4.226787
-3.752085 4.230410
-3.751150 4.230054
-3.837864 4.243874
-3.853196 4.237509
-3.815362 4.221567
-6.159920 5.057151
-3.843211 4.226865
-3.879771 4.237478
-3.890900 4.239010
-3.924678 4.248474
-3.909404 4.240669
-3.922617 4.245295
-6.095726 4.939878
-3.978201 4.215024
-6.089609 4.855003
-6.088518 4.838253
-6.089269 4.822111
-6.050666 4.794252
-6.106877 4.794662
-6.050780 4.762056
-6.139675 4.771405
-6.022712 4.722067
-6.046775 4.728844
-6.052879 4.645180
-6.041026 4.623227
-6.135768 4.627881
-6.045087 4.586355
-6.074701 4.574553
-6.039053 4.547211
-6.050020 4.530952
-6.046281 4.511327
-6.051233 4.493686
-6.039481 4.472450
-6.016848 4.449088
-6.017826 4.449293
-6.006586 4.419689
-4.603796 4.131913
-4.596704 4.126597
-4.578810 4.119174
-4.568749 4.113346
-4.564567 4.108695
-4.546626 4.101412
-4.552244 4.098686
-4.553928 4.095199
-4.556590 4.091892
-4.550693 4.090786
-4.561948 4.067983
-4.564902 4.068505
-5.916871 4.248093
-5.925156 4.181789
-5.915763 4.132194
-5.919611 4.084539
-5.918862 4.036457
-5.907920 4.035333
-5.904883 4.024745
-5.898929 4.013861
-5.890951 4.002825
-5.891902 3.992655
-5.879876 3.981336
-5.881764 3.971283
-5.877645 3.960727
-5.873495 3.950195
-5.865326 3.939381
-5.862111 3.928986
-5.858868 3.918611
-5.851603 3.907981
-5.852289 3.897922
-5.841313 3.897196
-5.826544 3.799204
-5.816370 3.776461
-5.820046 3.754222
-5.815586 3.731781
-5.813984 3.709440
-5.817243 3.687161
-5.823242 3.687208
-5.951296 3.675997
-5.999339 3.663832
-6.049341 3.651344
-6.112301 3.638456
-6.160216 3.625285
-6.263213 3.624381
-6.315888 3.589630
-6.392151 3.553357
-6.463088 3.515963
-6.532684 3.477408
-6.722768 3.431509
-6.776698 3.428759
-7.623600 3.269753
-7.627161 3.237020
-7.643476 3.203135
-7.641649 3.170663
-7.660530 3.136176
-7.699086 3.099400
-8.836900 2.942462
-8.819006 2.944410
-8.796733 2.924370
-8.798178 2.901661
-8.798553 2.879054
-8.793886 2.857044
-9.843797 2.702092
-9.853400 2.674616
-9.856956 2.647857
-9.856456 2.621603
-9.876662 2.592430
-9.904676 2.561972
-5.457561 3.188443
-4.820395 3.282007
-4.833039 3.251484
-4.525651 3.261982
-5.945943 2.973107
-5.416492 3.051162
-8.946711 2.329965
-5.448910 3.003744
-5.086720 3.059649
-5.464024 2.959050
-4.521959 3.149573
-9.048389 2.133819
-4.759169 3.091609
-5.675486 2.877398
-8.239828 2.279953
-8.222616 2.272087
-8.211240 2.262911
-8.192062 2.255612
-8.192335 2.243745
-8.171194 2.237012
-8.136440 2.233649
-8.125981 2.224479
-8.153378 2.206021
-8.157263 2.205064
-8.120931 2.114905
-5.101567 2.844421
-5.237373 2.770667
-7.591722 2.032686
-5.254508 2.723377
-5.030220 2.773506
-5.022539 2.756143
-9.601872 1.210599
-9.429203 1.268126
-8.852737 1.361232
-8.346073 1.517943
-8.336113 1.501723
-8.327991 1.484869
-7.004020 1.943289
-6.987787 1.933705
-6.971536 1.924202
-6.967459 1.910255
-6.422012 2.098920
-6.083917 2.225458
-6.062363 2.188386
-5.825381 2.138294
-5.819224 2.108755
-5.813739 2.078817
-5.813470 2.046396
-5.812006 2.014308
-5.818360 2.011372
-5.804234 1.978552
-5.804175 1.962110
-5.806746 1.944341
-4.610030 2.510881
-4.590423 2.509474
-4.564570 2.511311
-4.511947 2.526773
-4.453229 2.545779
-4.410718 2.557022
-4.361212 2.572237
-4.324772 2.591028
-4.231513 2.598481
-4.096681 2.620702
-4.061113 2.632714
-4.029823 2.642423
-3.995155 2.654333
-3.958862 2.667473
-3.923542 2.680344
-3.893497 2.690393
-3.868529 2.705145
-3.834620 2.706750
-3.808053 2.714980
-3.778157 2.725481
-3.723686 2.751427
-3.693194 2.762958
-3.676358 2.766193
-3.664634 2.766330
-3.657030 2.771143
-3.631010 2.767426
-3.598342 2.768602
-3.579167 2.781304
-3.543047 2.792002
-3.525785 2.800377
-3.509384 2.808248
-3.492187 2.816737
-3.475024 2.825284
-3.456245 2.835018
-3.447172 2.841237
-3.421247 2.831742
-3.380456 2.860658
-3.347133 2.840228
-3.335975 2.841994
-3.329581 2.840166
-3.329535 2.833503
-3.331035 2.825605
-3.332489 2.817682
-3.333112 2.810352
-3.332126 2.804248
-3.329548 2.799387
-3.327726 2.793907
-3.321221 2.792210
-3.313172 2.791818
-3.302341 2.800688
-3.284087 2.797411
-3.263808 2.781122
-3.259876 2.778124
-3.255185 2.775804
-3.251239 2.772842
-3.248774 2.768562
-3.251489 2.759601
-3.249712 2.754643
-3.251192 2.753298
-3.238424 2.736186
-3.235964 2.727729
-3.231996 2.720656
-3.229414 2.712204
-3.224627 2.705854
-3.221927 2.697412
-3.217751 2.690388
-3.218432 2.678386
-3.215523 2.669932
-3.217613 2.667780
-3.216433 2.659444
-3.213435 2.652406
-3.211761 2.643917
-3.208662 2.636882
-3.205516 2.629852
-3.202998 2.622090
-3.201097 2.613585
-3.197133 2.607308
-3.194456 2.599548
-3.190406 2.593292
-3.193044 2.590285
-3.189785 2.583023
-3.186093 2.575852
-3.183646 2.567167
-3.179847 2.560008
-3.175998 2.552858
-3.172100 2.545719
-3.168784 2.537816
-3.164155 2.531474
-3.160731 2.523585
-3.157250 2.515702
-3.153096 2.508613
-3.156172 2.504671
-3.157234 2.495276
-3.154234 2.490423
-3.153636 2.482396
-3.151182 2.476750
-3.149900 2.469508
-3.149175 2.461458
-3.146618 2.455808
-3.145809 2.447745
-3.144364 2.440479
-3.142878 2.433208
-3.145223 2.429967
-3.132379 2.405698
-3.127467 2.397395
-3.121925 2.389933
-3.117445 2.380835
-3.113441 2.370914
-3.112101 2.356820
-3.106814 2.348569
-3.102541 2.338654
-3.098182 2.328744
-3.100322 2.325365
-3.091012 2.311114
-3.086636 2.303706
-3.083764 2.293743
-3.079273 2.286350
-3.076260 2.276388
-3.072665 2.267286
-3.069001 2.258188
-3.064771 2.249959
-3.063443 2.236521
-3.061026 2.224808
-3.062983 2.221320
-3.052118 2.207901
-3.049835 2.196391
-3.046045 2.187514
-3.040784 2.181293
-3.038737 2.168890
-3.035673 2.158252
-3.033442 2.145832
-3.029755 2.136075
-3.028689 2.120960
-3.023944 2.112989
-3.028391 2.104032
-3.024533 2.095333
-3.021340 2.084856
-3.018503 2.073477
-3.014295 2.064803
-3.010027 2.056136
-3.007386 2.043850
-3.003400 2.034283
-3.000173 2.022899
-2.995632 2.014250
-2.993469 2.000127
-2.989186 1.990571
-2.992403 1.983246
-2.970533 1.965881
-2.966089 1.955332
-2.963085 1.941090
-2.962226 1.921281
-2.960090 1.904232
-2.966279 1.865781
-2.956131 1.868225
-2.947098 1.867926
-2.935586 1.874213
-2.934164 1.877952
-2.903025 1.878836
-2.891037 1.883008
-2.879773 1.885368
-2.868877 1.886853
-2.857049 1.891244
-2.844967 1.896658
-2.834517 1.897399
-2.823477 1.900105
-2.813085 1.900971
-2.811576 1.905738
-2.802735 1.905709
-2.793079 1.907948
-2.782881 1.912154
-2.773017 1.915458
-2.763196 1.918816
-2.428241 3.059658
-2.421118 3.074257
-2.417592 3.076377
-2.416181 3.070795
-2.413950 3.068113
-2.410941 3.068342
-2.409174 3.075116
-2.408118 3.070310
-2.403736 3.077440
-2.402540 3.071976
-2.398229 3.079144
-2.396768 3.074667
-2.392989 3.079927
-2.391499 3.075463
-2.388873 3.075879
-2.386036 3.077283
-2.382365 3.082610
-2.381030 3.077197
-2.381238 3.076219
-2.373048 3.075223
-2.372274 3.064871
-2.370854 3.057463
-2.370269 3.045137
-2.369399 3.033788
-2.366542 3.033273
-2.365350 3.022910
-2.363256 3.017479
-2.362375 3.004155
-2.362691 3.002180
-2.357728 2.989897
-2.354008 2.991360
-2.351267 2.985910
-2.349265 2.974523
-2.345750 2.974050
-2.496529 1.718040
-2.488883 1.696963
-2.480804 1.677901
-2.472746 1.656882
-2.464885 1.631914
-2.467524 1.606049
-2.460863 1.581024
-2.454888 1.542273
-2.447421 1.516483
-2.438389 1.506662
-2.430532 1.480928
-2.300519 3.093692
-2.412172 1.457477
-2.296152 3.081335
-2.293098 3.088144
-2.290443 3.088979
-2.287796 3.089826
-2.288567 3.074846
-2.282832 3.090253
-2.280987 3.077157
-2.278491 3.080059
-2.276109 3.079972
-2.339288 0.526736
-2.322607 0.700380
-2.268647 3.097768
-2.266152 3.111721
-2.264129 3.086686
-2.261790 3.083658
-2.275326 0.384692
-2.226936 0.406374
-2.212095 0.421545
-2.196972 0.414788
-2.182022 0.418100
-2.166332 0.394490
-2.151648 0.407938
-2.137239 0.425448
-2.118111 0.328125
-2.233626 3.108721
-2.099207 0.254885
-2.225148 3.103024
-2.004152 -0.117424
-1.983696 -0.131036
-1.963949 -0.133570
-1.944750 -0.129026
-1.925765 -0.122392
-1.799145 -1.266636
-1.773783 -1.265215
-1.746049 -1.286540
-1.745843 -1.288530
-1.721616 -1.298347
-1.697154 -1.307718
-1.673300 -1.311009
-2.165504 2.887235
-2.162678 2.893623
-2.158992 2.893081
-2.156521 2.901474
-2.152722 2.899972
-2.149487 2.902447
-2.146423 2.905924
-2.142308 2.902498
-2.142771 2.905462
-2.134896 2.902382
-2.133056 2.912822
-2.131831 2.926216
-2.127704 2.922877
-2.122812 2.915628
-2.119721 2.918231
-2.114543 2.910052
-2.113408 2.922497
-2.109774 2.922200
-2.148266 3.122546
-2.149294 3.127439
-2.145747 3.120607
-2.144972 3.128950
-1.471783 0.143898
-1.456084 0.150527
-1.437006 0.142623
-1.419930 0.143573
-1.399524 0.131006
-1.382611 0.133108
-1.971879 2.519436
-1.967086 2.522718
-1.962063 2.525054
-1.962574 2.526988
-1.955961 2.522425
-1.949918 2.520945
-1.941971 2.512755
-1.938316 2.520006
-1.932776 2.520541
-1.927235 2.521103
-1.922552 2.524566
-1.915274 2.519438
-1.910896 2.523907
-2.096462 3.132232
-2.097083 3.142513
-2.095257 3.136798
-2.089580 3.134322
-2.086146 3.130183
-1.395043 1.086880
-1.387189 1.093758
-1.378067 1.096879
-1.369615 1.101920
-1.358525 1.099446
-1.793766 2.346694
-1.790466 2.352120
-1.785826 2.353795
-1.786512 2.355674
-1.860633 2.579715
-1.861341 2.585851
-1.863822 2.596665
-1.863862 2.600920
-1.865327 2.608915
-1.866812 2.616904
-1.869387 2.627690
-1.871274 2.636600
-1.875565 2.647806
-1.836751 2.672892
-1.841117 2.682989
-1.828284 2.693637
-1.825502 2.700376
-1.823619 2.708933
-1.822660 2.719295
-1.820507 2.726933
-1.823628 2.745380
-1.820346 2.750291
-1.814001 2.748936
-1.808527 2.749410
-1.807184 2.746727
-1.797946 2.749977
-1.793253 2.751258
-1.787169 2.749907
-1.778717 2.744177
-1.774931 2.747318
-1.767348 2.743443
-1.762123 2.744002
-1.755922 2.742842
-1.748232 2.739104
-1.742469 2.738897
-1.742469 2.738897
-1.736273 2.737450
-1.730911 2.738220
-1.723522 2.735569
-1.719665 2.738990
-1.714286 2.739854
-1.706831 2.737326
-1.704039 2.742525
-1.733915 2.800447
-1.752662 2.839412
-1.749325 2.842678
-1.748160 2.849328
-1.751929 2.855227
-1.750572 2.860379
-1.755214 2.875233
-1.753932 2.880839
-1.748816 2.880612
-1.746474 2.884566
-1.744156 2.888527
-1.742429 2.893318
-1.739598 2.896463
-1.733925 2.895517
-1.735140 2.904419
-1.732369 2.907589
-1.732949 2.908404
-1.732195 2.915010
-1.723588 2.911344
-1.723217 2.919029
-1.721720 2.925092
-1.717870 2.927952
-1.713430 2.930036
-1.708387 2.931354
-1.707024 2.937444
-1.703856 2.941168
-1.698848 2.942556
-1.691961 2.941638
-1.690083 2.939298
-1.686078 2.948706
-1.683858 2.953108
-1.680385 2.955981
-1.673054 2.954288
-1.665692 2.952651
-1.663523 2.957129
-1.660070 2.960104
-1.649367 2.954835
-1.641254 2.952647
-1.631768 2.949034
-1.631768 2.949034
-1.627292 2.950128
-1.628675 2.958318
-1.618588 2.953990
-1.616629 2.958520
-1.604416 2.952131
-1.596951 2.950916
-1.590152 2.950479
-1.585420 2.952245
-0.116488 1.457061
-0.111654 1.473011
-0.097746 1.479749
-0.105512 1.487539
-0.108193 1.510121
-0.087298 1.509902
-0.070650 1.514020
-0.047515 1.511999
-0.034431 1.519826
-0.022822 1.529104
-1.702537 3.125051
-1.697100 3.124994
-1.699744 3.132427
-1.696534 3.134433
-1.698526 3.141148
-1.697042 3.139808
-1.692779 3.145863
-1.686613 3.145280
-1.683450 3.147366
-1.681811 3.150775
-1.681714 3.155484
0.190658 1.581554
0.205118 1.589433
0.210311 1.605052
0.223922 1.613702
0.236729 1.623066
0.239059 1.621177
0.267476 1.640175
0.284973 1.646168
0.302471 1.652282
0.329472 1.651192
0.579912 1.479825
0.587126 1.495916
0.601455 1.506633
0.606105 1.524580
0.595327 1.553759
0.600519 1.571034
0.569767 1.593357
0.219848 1.865170
0.199098 1.898025
0.710404 1.555880
-0.312475 2.290026
-0.389900 2.357350
-0.433238 2.400217
-0.425570 2.407927
-0.425414 2.420686
-0.427841 2.435071
-0.502319 2.496508
-0.507682 2.512072
-0.524468 2.522945
-0.504900 2.547924
-0.504102 2.558638
-0.499956 2.567244
-0.493288 2.574309
-0.484932 2.580382
-0.484331 2.591110
-0.480344 2.599791
-0.476399 2.608486
-0.483761 2.623685
-0.485494 2.624684
-0.472056 2.639931
-0.461147 2.645060
-0.451123 2.650752
-0.441990 2.656995
-0.414385 2.653349
-0.405242 2.659810
-0.398775 2.667730
-0.395890 2.677536
-0.381493 2.681405
-0.366200 2.684936
-0.368875 2.686295
-0.358138 2.716502
-0.356508 2.726688
-0.354030 2.736438
-0.352505 2.746619
-0.347409 2.755103
-1.404204 3.252518
-1.408735 3.259410
-1.407837 3.263794
-1.412447 3.270610
-1.418846 3.273449
-1.414778 3.281747
-1.419455 3.288573
-1.416802 3.292246
-1.417860 3.297468
-1.418024 3.302294
-1.423779 3.309352
-1.422148 3.313392
-1.424261 3.318899
-1.424542 3.323657
-1.426719 3.329116
-1.434195 3.331963
-1.442436 3.344168
-1.442895 3.348694
-1.445260 3.353884
-1.443884 3.357712
-1.436860 3.359575
-1.434565 3.363118
-1.427548 3.365078
-1.411041 3.363945
-1.401159 3.365136
-1.389366 3.365801
-1.387462 3.365188
-1.376145 3.370346
-1.371164 3.372874
-1.364275 3.374860
-1.356429 3.376613
-1.338986 3.375613
-1.334970 3.378638
-1.323268 3.379504
-1.319261 3.382619
-1.312372 3.384968
-1.300659 3.386062
-1.294868 3.384494
-1.286000 3.398087
-1.274987 3.400831
-1.262031 3.403212
-1.249074 3.405723
-1.243910 3.410169
-1.233887 3.413562
-1.225826 3.417483
-1.205067 3.418753
-1.199954 3.423515
-1.188209 3.421056
-1.173207 3.429320
-1.166288 3.433357
-1.156435 3.436898
-1.143640 3.439986
-1.135771 3.444072
-1.125946 3.447886
-1.117119 3.451955
-1.106330 3.455780
-1.092590 3.459231
-1.067986 3.461128
-1.058103 3.459602
-1.046757 3.468060
-1.031273 3.470282
-1.023715 3.473708
-1.009229 3.476252
-0.993753 3.478767
-0.982248 3.481895
-0.965787 3.484489
-0.940392 3.486125
-0.921946 3.488751
-0.907477 3.491955
-0.896547 3.490721
-0.803049 3.519988
-0.782368 3.527244
-0.763717 3.534893
-0.742111 3.542562
-0.722541 3.550612
-0.703013 3.558895
-0.685040 3.557908
-0.665423 3.565423
-0.644014 3.573406
-0.625643 3.581740
-0.601319 3.590081
-0.575038 3.598638
-0.549802 3.607508
-0.523613 3.616643
-0.501473 3.626110
-0.477386 3.635814
-0.453353 3.645786
-0.427377 3.656039
-0.395378 3.656249
-0.823015 4.879698
-1.939768 5.539808
-3.242495 5.336340
-4.126035 4.327252
-4.165246 2.962634
-3.304867 1.870546
-1.921182 1.579082
-0.643484 2.245011
0.021235 3.600300
0.110573 3.768478
0.132071 3.781767
0.131331 3.794235
0.130527 3.806700
0.130655 3.819234
0.126730 3.831459
0.128721 3.844150
0.122676 3.856156
0.123540 3.868763
0.119363 3.880888
0.114129 3.892871
0.109828 3.904916
0.110822 3.905025
0.104196 3.928720
0.095708 3.963740
---
timestamp: 1761724186885
0.090450 3.980260
0.089712 3.985409
0.086983 3.990264
0.085234 3.995257
0.083474 4.000244
0.083680 4.005530
0.081899 4.010510
0.079923 4.010200
0.077523 4.018540
0.073143 4.026843
0.072678 4.035782
0.071193 4.044554
0.066721 4.052799
0.065172 4.061548
0.062607 4.070110
0.060011 4.078658
0.059347 4.087570
0.054723 4.095715
0.053013 4.104418
0.052033 4.104222
0.043531 4.140422
0.037386 4.163538
0.034677 4.175398
0.030934 4.187014
0.029075 4.199077
0.025212 4.210653
0.022259 4.222450
0.019245 4.234232
0.016171 4.245998
0.015204 4.245742
0.009212 4.268162
0.005248 4.278712
0.003159 4.289788
0.001015 4.300859
-0.003101 4.311356
-0.004393 4.322695
-0.008610 4.333156
-0.011920 4.343890
-0.015282 4.354609
-0.018696 4.365312
-0.012986 4.367155
-0.040093 4.449723
-0.047731 4.473320
-0.056166 4.509527
-0.059808 4.521443
-0.062587 4.533721
-0.065435 4.545994
-0.072041 4.556717
-0.074097 4.569350
-0.077144 4.581591
-0.081175 4.593425
-0.082092 4.593024
-0.092323 4.628657
-0.098267 4.639244
-0.100641 4.651492
-0.104890 4.662885
-0.106495 4.675560
-0.108174 4.688245
-0.113513 4.699170
-0.118908 4.710068
-0.120789 4.722744
-0.119004 4.723647
-0.135306 4.755725
-0.139702 4.766216
-0.142387 4.777637
-0.148648 4.787147
-0.151445 4.798549
-0.155179 4.809465
-0.154608 4.822821
-0.158465 4.833738
-0.158042 4.847136
-0.152839 4.850124
-0.167145 4.878628
-0.166371 4.887130
-0.165629 4.895647
-0.162351 4.905729
-0.168513 4.910127
-0.167006 4.919196
-0.168087 4.926712
-0.166645 4.935811
-0.166935 4.943870
-0.159297 4.948631
-0.170361 4.971856
-0.183800 5.016308
-0.196185 5.031260
-0.202080 5.050627
-0.208973 5.069414
-0.221743 5.084129
-0.224074 5.106335
-0.221640 5.108089
-0.239133 5.125402
-0.241143 5.138235
-0.239230 5.154080
-0.243000 5.165749
-0.247629 5.176806
-0.249151 5.190298
-0.256276 5.199506
-0.259513 5.211772
-0.263604 5.223419
-0.267760 5.235062
-0.264639 5.237564
-0.272725 5.263343
-0.273501 5.278479
-0.277447 5.291081
-0.286059 5.299819
-0.286328 5.315637
-0.294290 5.324975
-0.296252 5.339517
-0.299813 5.352759
-0.304954 5.364682
-0.305686 5.380589
-0.305686 5.380589
-0.314437 5.405096
-0.321808 5.413188
-0.325540 5.424644
-0.326408 5.438826
-0.331005 5.449607
-0.326222 5.469323
-0.330245 5.480821
-0.337212 5.489540
-0.340632 5.501718
-0.344120 5.513900
-0.326978 5.530697
-0.369276 5.600978
-0.382065 5.620123
-0.397086 5.636994
-0.400102 5.667027
-0.411518 5.688230
-0.402150 5.698633
-0.404268 5.703182
-0.397143 5.718287
-0.402705 5.719237
-0.395648 5.734381
-0.398580 5.738322
-0.394243 5.750509
-0.389943 5.762718
-0.391609 5.768177
-0.388685 5.778910
-0.391699 5.782868
-0.385551 5.797402
-0.383370 5.807423
-0.382063 5.808936
-0.411486 5.843081
-0.423109 5.876113
-0.446178 5.896137
-0.462759 5.928328
-0.475727 5.940976
-0.479681 5.965474
-0.488685 5.983622
-0.502622 5.995328
-0.506572 6.020654
-0.498877 6.031131
-0.526067 6.059417
-0.526549 6.072047
-0.530547 6.079792
-0.538025 6.082624
-0.535765 6.099368
-0.515315 6.142413
-0.257935 6.528586
-0.492614 6.203324
-0.515629 6.183951
-0.503110 6.216575
-0.327119 6.475411
-0.382237 6.489402
-0.384434 6.486060
-0.427036 6.503963
-0.448536 6.522316
-0.447161 6.577985
-0.481216 6.576515
-0.484021 6.627161
-0.505641 6.646837
-0.482514 6.686601
-0.486939 6.724969
-0.503104 6.704266
-0.485544 6.742606
-0.332605 7.019162
-0.478293 6.770700
-0.479142 6.776932
-0.419044 6.891147
-0.422483 6.893089
-0.422986 6.900259
-0.410303 6.930985
-0.421058 6.911793
-0.507339 6.953092
-0.589372 6.959428
-0.602372 6.933505
-1.710367 4.774804
-1.721075 4.775475
-1.730925 4.777864
-1.740778 4.780169
-1.741599 4.778345
-1.753837 4.771775
-1.755223 4.773483
-1.759822 4.767861
-1.766400 4.757645
-1.768962 4.756583
-1.773901 4.750008
-1.774865 4.752606
-1.777411 4.751527
-1.783091 4.743084
-1.786789 4.739228
-1.787570 4.737388
-1.804741 4.743272
-1.826477 4.737967
-1.846524 4.743298
-1.853799 4.750225
-1.862814 4.752386
-1.869895 4.760152
-1.884031 4.747004
-1.891453 4.753677
-1.892688 4.749873
-1.895106 4.749609
-1.895997 4.754102
-1.899329 4.750973
-1.899634 4.757370
-1.901760 4.758045
-1.902695 4.762534
-1.901870 4.772756
-1.905790 4.767692
-1.905011 4.777918
-1.908629 4.773799
-1.914540 4.762011
-1.920027 4.743820
-1.940635 4.735208
-1.970789 4.724706
-1.979077 4.727876
-1.985272 4.739729
-1.995977 4.733053
-2.004794 4.734080
-2.013185 4.736989
-2.013397 4.736012
-2.032654 4.727739
-2.045010 4.725094
-2.057287 4.722311
-2.068982 4.722348
-2.080187 4.725222
-2.088806 4.745788
-2.102581 4.731612
-2.114163 4.732153
-2.127345 4.718665
-2.139186 4.714966
-2.138769 4.718945
-2.140522 4.713958
-2.142639 4.709153
-2.144342 4.708323
-2.145452 4.713463
-2.148030 4.703671
-2.150006 4.699848
-2.151314 4.702989
-2.153000 4.702147
-2.154230 4.706280
-2.156901 4.694477
-2.158218 4.697610
-2.160495 4.689782
-2.162239 4.687929
-2.163893 4.687069
-2.164972 4.693183
-2.166954 4.688332
-2.168447 4.689458
-2.170562 4.682606
-2.171898 4.685721
-2.173763 4.681855
-2.175325 4.681974
-2.176054 4.672001
-2.186553 4.673743
-2.200421 4.675558
-2.203518 4.677716
-2.206973 4.671873
-2.210191 4.671014
-2.212997 4.681137
-2.213367 4.671144
-2.228742 4.670433
-2.244469 4.663694
-2.244437 4.668694
-2.256630 4.658659
-2.258506 4.672652
-2.260187 4.659642
-2.262049 4.667629
-2.263851 4.668612
-2.265485 4.657594
-2.267177 4.652573
-2.268976 4.654547
-2.270704 4.652519
-2.270684 4.651519
-2.286378 4.650093
-2.286588 4.656089
-2.307009 4.650215
-2.340971 4.644797
-2.353822 4.638566
-2.354233 4.642546
-2.362421 4.636478
-2.366278 4.638060
-2.370505 4.642606
-2.373052 4.633240
-2.376793 4.633789
-2.380410 4.633332
-2.384025 4.632862
-2.387228 4.629407
-2.390969 4.629902
-2.393563 4.622467
-2.394140 4.626425
-2.411648 4.624721
-2.418707 4.620514
-2.426242 4.619209
-2.433029 4.613916
-2.441473 4.617408
-2.449383 4.617889
-2.448385 4.612989
-2.457094 4.617298
-2.458257 4.609900
-2.462144 4.615205
-2.463695 4.609755
-2.466960 4.612111
-2.469138 4.609579
-2.471749 4.608993
-2.474359 4.608399
-2.476739 4.606825
-2.479805 4.608164
-2.481945 4.605604
-2.484310 4.604012
-2.486906 4.603384
-2.485951 4.599500
-2.503768 4.588789
-2.523368 4.588384
-2.531434 4.583957
-2.541800 4.587108
-2.550121 4.583477
-2.550728 4.585382
-2.558689 4.580626
-2.563138 4.581272
-2.568238 4.583792
-2.572069 4.582501
-2.575895 4.581195
-2.578389 4.576100
-2.583865 4.579479
-2.587000 4.576243
-2.589771 4.572059
-2.594941 4.574433
-2.595634 4.576309
-2.609540 4.567798
-2.615781 4.567518
-2.620540 4.563486
-2.627912 4.565910
-2.633407 4.563662
-2.638499 4.560460
-2.644751 4.559986
-2.643172 4.556311
-2.653228 4.554135
-2.659210 4.554771
-2.662726 4.549908
-2.669132 4.551390
-2.672603 4.546487
-2.679029 4.547900
-2.683750 4.545665
-2.689335 4.545203
-2.691833 4.538429
-2.700078 4.543284
-2.700078 4.543284
-2.706518 4.534340
-2.710690 4.532207
-2.716707 4.533599
-2.719940 4.529651
-2.726922 4.532745
-2.733467 4.534914
-2.736681 4.530900
-2.740353 4.527752
-2.744982 4.526334
-2.750102 4.525762
-2.755026 4.534466
-2.756150 4.533833
-2.756779 4.532329
-2.753935 4.524745
-2.753556 4.521510
-2.756157 4.523481
-2.755272 4.519380
-2.754877 4.516149
-2.755477 4.514650
-2.754976 4.513785
-2.772668 4.503360
-2.794425 4.499335
-2.793889 4.498491
-2.802473 4.494180
-2.807067 4.493588
-2.808362 4.487965
-2.813498 4.488173
-2.821991 4.493334
-2.829414 4.496783
-2.832924 4.494408
-2.842102 4.500250
-2.845626 4.497822
-2.849715 4.496198
-2.851439 4.498653
-2.864605 4.490572
-2.868539 4.487724
-2.877211 4.491295
-2.879953 4.486786
-2.885072 4.485466
-2.889587 4.483321
-2.900183 4.489085
-2.906559 4.489235
-2.905558 4.479893
-2.904326 4.478317
-2.918584 4.469496
-2.927999 4.472174
-2.939371 4.477090
-2.940564 4.469621
-2.943631 4.464458
-2.952500 4.466135
-2.962059 4.468499
-2.959844 4.457208
-2.970739 4.460980
-2.972721 4.463233
-2.977097 4.451470
-2.983728 4.450892
-3.000500 4.461332
-3.007887 4.461348
-2.994819 4.439382
-3.010366 4.448123
-3.012916 4.442971
-3.020284 4.442860
-3.029758 4.444848
-3.030870 4.438193
-3.033670 4.441050
-3.045614 4.436785
-3.057192 4.440761
-3.057403 4.433442
-3.058280 4.426835
-3.064156 4.425092
-3.067138 4.420551
-3.071549 4.417373
-3.080331 4.418269
-3.086205 4.416380
-3.093553 4.415807
-3.101656 4.423245
-3.108715 4.422904
-3.108435 4.415783
-4.041531 5.243083
-4.046312 5.233214
-4.060059 5.231254
-3.137780 4.414398
-3.144961 4.413764
-3.142273 4.404633
-3.144863 4.400066
-3.158149 4.404497
-3.162269 4.401147
-3.166111 4.404347
-3.189318 4.407506
-3.187742 4.398359
-3.193912 4.395487
-3.206352 4.397534
-3.205447 4.388999
-4.294112 5.224051
-4.302893 5.214310
-4.278158 5.179146
-4.273919 5.159878
-4.280779 5.149035
-4.283188 5.150823
-4.282095 5.135513
-4.275254 5.116093
-4.275578 5.102032
-4.290463 5.098459
-4.284946 5.080347
-4.291593 5.070920
-4.287512 5.054057
-4.298985 5.048014
-4.299692 5.034588
-4.299490 5.020627
-4.309189 5.013351
-4.304195 5.010025
-4.325519 4.994005
-4.335389 4.986153
-4.342703 4.976624
-4.361812 4.974529
-4.359744 4.959039
-4.384800 4.960418
-4.415039 4.964714
-4.394019 4.937709
-3.387486 4.321805
-3.404535 4.324463
-3.407978 4.326499
-3.410612 4.312296
-3.413833 4.306715
-3.444017 4.316368
-3.446384 4.310139
-3.459223 4.309705
-3.454533 4.299576
-3.470891 4.300910
-3.454648 4.284681
-3.494883 4.298486
-3.495377 4.291113
-3.490057 4.288339
-3.524246 4.289951
-3.509515 4.274790
-3.538555 4.281579
-3.536266 4.272687
-3.561820 4.277349
-3.602783 4.289115
-3.684577 4.319724
-3.705982 4.321223
-3.682023 4.301608
-3.677024 4.290936
-3.670652 4.288038
-3.681077 4.284790
-3.683181 4.277652
-3.678837 4.267702
-3.668925 4.255424
-3.667206 4.246788
-3.666359 4.238569
-3.668237 4.231523
-3.671930 4.225231
-3.676522 4.219294
-3.683876 4.214437
-3.690285 4.209159
-3.701451 4.213556
-3.703354 4.198082
-3.714390 4.194407
-3.756356 4.202135
-3.792792 4.207416
-3.853767 4.221192
-4.514144 4.447502
-3.896926 4.219284
-3.836301 4.189668
-3.901366 4.203423
-3.864173 4.182315
-3.887882 4.190246
-3.927678 4.184932
-3.936880 4.179204
-3.919344 4.165036
-3.936118 4.161638
-3.966295 4.162153
-6.152003 4.804168
-3.973987 4.146921
-3.996522 4.144658
-6.150643 4.744385
-6.118189 4.715693
-6.120117 4.716228
-6.075748 4.662951
-4.055743 4.114914
-4.084135 4.113035
-6.085111 4.607034
-6.086756 4.588062
-6.085391 4.568392
-6.073221 4.546227
-6.088207 4.530509
-6.075819 4.508488
-6.077956 4.489848
-6.085767 4.491577
-6.050001 4.468250
-6.049261 4.452732
-6.046499 4.436822
-6.036815 4.419539
-6.052543 4.407471
-6.014273 4.384653
-4.578707 4.092283
-4.587314 4.084589
-4.469052 4.053352
-4.566079 4.062071
-4.582462 4.055742
-4.579508 4.055218
-4.568029 4.027695
-4.573948 4.028678
-4.572383 4.001615
-4.575491 3.987879
-4.576539 3.973836
-4.582455 3.960469
-5.943858 4.123507
-5.952636 4.102157
-5.952353 4.079665
-5.943983 4.056302
-5.933051 4.055078
-5.932754 4.019870
-5.928326 4.004003
-5.915864 3.987430
-5.919264 3.972398
-5.904668 3.955809
-5.907938 3.940807
-5.896192 3.924628
-5.896342 3.909426
-5.882463 3.893266
-5.876495 3.877743
-5.879488 3.877937
-5.867865 3.820890
-5.856771 3.801418
-5.860561 3.782646
-5.851261 3.763405
-5.840859 3.744237
-5.844352 3.725502
-5.833749 3.706487
-5.837044 3.687758
-5.824242 3.668882
-5.827242 3.668904
-5.816470 3.651572
-5.813481 3.634364
-5.816410 3.617141
-5.812255 3.599975
-5.834013 3.582406
-5.952662 3.562510
-6.009222 3.543119
-6.050686 3.523652
-6.116033 3.502910
-6.159286 3.482440
-6.231399 3.460215
-6.304321 3.456860
-6.384311 3.433618
-6.470127 3.408824
-6.506886 3.386156
-6.595413 3.359736
-6.763586 3.326849
-6.784950 3.303339
-6.784263 3.281370
-6.793433 3.258553
-7.705862 3.154619
-7.629777 3.135248
-7.617321 3.110269
-7.630257 3.108982
-7.633785 3.056293
-7.640146 3.031999
-7.676191 3.004125
-7.692244 2.978356
-8.811349 2.812622
-8.793821 2.786069
-8.780150 2.759118
-8.776272 2.730882
-8.774252 2.702378
-9.828479 2.516702
-9.839358 2.515083
-9.799998 2.386289
-9.858447 2.324290
-9.690055 2.302289
-5.152700 3.100844
-5.930423 2.929717
-6.807911 2.727674
-5.577932 2.951978
-5.413457 2.986210
-5.069715 3.042309
-4.793992 3.087224
-4.517851 3.135240
-5.850248 2.816034
-5.001012 2.996274
-8.310518 2.182506
-8.261016 2.160977
-8.212425 2.139684
-8.199606 2.109616
-8.188568 2.079132
-8.139254 2.092134
-8.102030 2.037009
-8.090495 2.010340
-8.092304 1.979905
-8.066102 1.957498
-8.061879 1.928788
-8.089118 1.890584
-8.075003 1.864652
-8.041673 1.844751
-5.243125 2.699130
-4.422701 2.947104
-4.988225 2.765398
-4.722151 2.820070
-8.679528 1.455317
-4.663746 2.806677
-8.833288 1.312767
-8.326093 1.450596
-8.308829 1.414886
-8.292292 1.378953
-8.284884 1.339570
-8.284884 1.339570
-6.948901 1.796010
-6.922678 1.781383
-6.929795 1.753461
-6.919172 1.732639
-6.030149 2.076530
-6.015504 2.062203
-5.809452 2.129507
-5.804265 2.112305
-5.800828 2.094318
-5.784498 2.081995
-5.802787 2.073902
-5.788901 2.016330
-5.790158 1.995231
-5.784060 1.977500
-5.799526 1.949438
-5.787800 1.934260
-5.781398 1.916515
-5.773116 1.899680
-4.602822 2.465909
-4.578453 2.464206
-4.534762 2.486391
-4.486939 2.497590
-4.427379 2.515177
-4.384852 2.524458
-4.337166 2.536934
-4.288766 2.550309
-4.250202 2.558860
-4.204757 2.571606
-4.162098 2.583300
-4.121338 2.594391
-4.078119 2.607327
-4.041999 2.616660
-4.011658 2.634107
-3.967802 2.636456
-3.931153 2.647151
-3.868939 2.673636
-3.837780 2.681994
-3.807592 2.690104
-3.778368 2.697954
-3.750950 2.704999
-3.724479 2.711751
-3.686324 2.726292
-3.662608 2.731931
-3.652539 2.738458
-3.634024 2.731873
-3.623242 2.730088
-3.592582 2.741810
-3.571144 2.747595
-3.550611 2.752988
-3.512087 2.771104
-3.490127 2.778062
-3.469887 2.784043
-3.450541 2.789608
-3.431270 2.795331
-3.417488 2.805283
-3.392667 2.806909
-3.351856 2.829073
-3.335261 2.833578
-3.327497 2.831571
-3.322912 2.827187
-3.320683 2.820992
-3.322360 2.811722
-3.322402 2.803658
-3.320828 2.796821
-3.319994 2.789354
-3.321553 2.788101
-3.312614 2.778154
-3.308537 2.773189
-3.300601 2.771450
-3.287323 2.774283
-3.271813 2.779167
-3.261677 2.779612
-3.255343 2.776854
-3.251261 2.772158
-3.246408 2.768144
-3.242284 2.763490
-3.243775 2.762157
-3.236841 2.749859
-3.232932 2.744100
-3.231184 2.736311
-3.227197 2.730574
-3.226075 2.722096
-3.221287 2.717071
-3.221493 2.707193
-3.218055 2.700791
-3.214576 2.694399
-3.210351 2.688726
-3.213176 2.685895
-3.212276 2.679044
-3.208935 2.674334
-3.208361 2.666768
-3.206352 2.660629
-3.202926 2.655935
-3.200853 2.649801
-3.200801 2.641483
-3.197285 2.636804
-3.196464 2.629200
-3.192890 2.624533
-3.191313 2.617660
-3.191986 2.616920
-3.190521 2.608692
-3.188907 2.600513
-3.184588 2.595322
-3.182876 2.587140
-3.180451 2.579705
-3.176674 2.573787
-3.173508 2.567119
-3.172233 2.558163
-3.168972 2.551498
-3.165030 2.545610
-3.162954 2.537414
-3.165487 2.534318
-3.162882 2.529421
-3.161931 2.522207
-3.159065 2.517329
-3.157419 2.510890
-3.155739 2.504449
-3.152791 2.499580
-3.151046 2.493137
-3.149875 2.485899
-3.148057 2.479450
-3.145598 2.473794
-3.145516 2.464946
-3.147320 2.462549
-3.123433 2.440875
-3.119662 2.430785
-3.113505 2.423973
-3.109573 2.413902
-3.104424 2.405487
-3.098085 2.398746
-3.103334 2.374557
-3.097888 2.366140
-3.101733 2.360290
-3.091903 2.347594
-3.088995 2.338597
-3.087619 2.327059
-3.083508 2.319748
-3.080396 2.310746
-3.077738 2.300889
-3.073972 2.292740
-3.071172 2.282879
-3.066772 2.275599
-3.062825 2.267466
-3.066862 2.260559
-3.055876 2.249454
-3.052564 2.241804
-3.053115 2.227180
-3.051131 2.216898
-3.048112 2.208362
-3.045991 2.198069
-3.041901 2.191290
-3.039181 2.181874
-3.035929 2.173340
-3.033083 2.163922
-3.037256 2.155948
-3.026259 2.140733
-3.020648 2.132267
-3.016749 2.120237
-3.010984 2.111798
-3.009073 2.095278
-3.004854 2.083247
-3.000531 2.071218
-2.994415 2.062820
-2.989482 2.051715
-2.984866 2.039708
-2.986514 2.036064
-2.974773 2.020614
-2.970179 2.010948
-2.966695 1.998534
-2.965458 1.980596
-2.960980 1.970013
-2.956803 1.958512
-2.952913 1.946090
-2.947803 1.936450
-2.944099 1.923106
-2.940287 1.909759
-2.947593 1.891142
-2.940866 1.858177
-2.930113 1.861579
-2.919754 1.864104
-2.909776 1.865747
-2.897795 1.873090
-2.889240 1.871081
-2.878700 1.874777
-2.869511 1.874751
-2.858407 1.880455
-2.847687 1.885274
-2.846736 1.888119
-2.829700 1.884301
-2.817307 1.895014
-2.807715 1.897216
-2.797861 1.900425
-2.788628 1.901773
-2.778849 1.905087
-2.769955 1.905574
-2.759140 1.912833
-2.750036 1.914382
-2.419859 3.071181
-2.419323 3.073108
-2.409379 3.077242
-2.407033 3.075588
-2.404432 3.074914
-2.402786 3.070369
-2.399925 3.070686
-2.395453 3.077829
-2.393767 3.073312
-2.389602 3.079524
-2.387671 3.076002
-2.387453 3.076978
-2.382191 3.077749
-2.379913 3.078280
-2.376431 3.084696
-2.375571 3.078388
-2.372723 3.081887
-2.373145 3.068712
-2.372723 3.059456
-2.372235 3.050196
-2.370960 3.044866
-2.368942 3.043474
-2.370529 3.034616
-2.370786 3.028448
-2.370696 3.023350
-2.370762 3.017266
-2.369618 3.018079
-2.369827 3.011008
-2.370681 2.999991
-2.370839 2.992914
-2.369336 2.995701
-2.369791 2.986650
-2.369252 2.983517
-2.370540 2.975621
-2.483710 1.730306
-2.469690 1.691170
-2.462570 1.677348
-2.456887 1.647627
-2.450394 1.623893
-2.443699 1.600178
-2.438651 1.554562
-2.430103 1.547828
-2.422783 1.524178
-2.414976 1.504542
-2.407803 1.472961
-2.408137 1.467972
-2.299316 3.081231
-2.298743 3.071168
-2.297214 3.076077
-2.295003 3.092970
-2.293825 3.092896
-2.292974 3.086834
-2.291417 3.093755
-2.290491 3.088696
-2.533913 -2.008503
-2.407438 0.485303
-2.287628 3.072527
-2.386113 0.671539
-2.284910 3.079409
-2.282959 3.099343
-2.281550 3.106291
-2.280598 3.100250
-2.279743 3.090212
-2.352730 0.498232
-2.276900 3.108127
-2.351874 0.275118
-2.359405 -0.724528
-2.272629 3.105484
-2.270382 3.096437
-2.268108 3.081399
-2.265592 3.091371
-2.263164 3.080354
-2.260701 3.083348
-2.258416 3.103353
-2.255854 3.089369
-2.253275 3.081396
-2.191315 0.401094
-2.191648 0.416090
-2.159604 0.397756
-2.144646 0.413268
-2.129045 0.409863
-2.114382 0.427512
-2.098607 0.420260
-2.233725 3.109863
-2.230218 3.094028
-2.228129 3.102163
-2.226048 3.109308
-2.223659 3.111475
-1.980856 -0.117409
-1.940031 -0.130620
-1.920515 -0.126900
-1.901220 -0.121089
-1.881168 -0.123138
-1.863316 -0.104198
-1.715229 -1.247884
-1.686545 -1.271782
-1.661253 -1.265736
-1.633340 -1.280390
-1.607241 -1.280017
-1.606977 -1.282000
-1.586217 -1.264277
-2.187661 3.105522
-2.153960 2.895171
-2.150729 2.897666
-2.148143 2.904127
-2.144493 2.903686
-2.141166 2.905236
-2.138361 2.909757
-2.134200 2.906410
-2.131079 2.908990
-2.126878 2.905685
-2.126878 2.905685
-2.121960 2.915458
-2.124243 2.942522
-2.118100 2.927432
-2.112033 2.913360
-2.108569 2.912039
-2.107011 2.919527
-2.103773 2.919206
-2.104077 2.934502
-2.100217 2.931273
-2.142994 3.125627
-1.443436 0.164129
-1.388541 0.173138
-1.367568 0.165065
-1.349552 0.168719
-1.329729 0.165708
-1.307998 0.156059
-1.952796 2.525914
-1.948205 2.531356
-1.943102 2.534896
-1.936889 2.534624
-1.935751 2.530789
-1.929617 2.528139
-1.923576 2.526829
-1.919601 2.532234
-1.914157 2.532886
-1.908098 2.531661
-1.904198 2.537120
-1.897186 2.533103
-2.095573 3.137368
-2.094867 3.142878
-2.092235 3.142716
-2.089597 3.142569
-2.090264 3.144454
-1.346621 1.116319
-1.333127 1.112734
-1.321686 1.114838
-1.311663 1.120734
-1.301674 1.126670
-1.768239 2.359341
-1.763899 2.364247
-1.758851 2.367308
-1.754569 2.372244
-1.834972 2.584582
-1.837995 2.591989
-1.830606 2.603221
-1.828749 2.612678
-1.830539 2.630393
-1.829685 2.641652
-1.827310 2.649238
-1.825408 2.657737
-1.823577 2.666230
-1.823073 2.677444
-1.821399 2.685920
-1.820223 2.695294
-1.824066 2.703433
-1.815333 2.710584
-1.815288 2.722834
-1.813130 2.730582
-1.810591 2.737435
-1.811300 2.750521
-1.809834 2.759134
-1.803331 2.758000
-1.798683 2.760441
-1.792150 2.759386
-1.788467 2.763642
-1.787988 2.762764
-1.782154 2.761016
-1.774628 2.757172
-1.769511 2.757735
-1.762407 2.754853
-1.756763 2.754616
-1.750603 2.753550
-1.744929 2.753383
-1.740265 2.754969
-1.732511 2.751438
-1.727830 2.753088
-1.722106 2.753057
-1.721059 2.751354
-1.712687 2.746852
-1.706299 2.746112
-1.700963 2.747101
-1.697243 2.750646
-1.691912 2.751690
-1.699183 2.772002
-1.736997 2.838084
-1.738178 2.848095
-1.741122 2.860560
-1.743046 2.871328
-1.741085 2.876297
-1.743925 2.880413
-1.741985 2.883900
-1.743465 2.892613
-1.739805 2.893959
-1.737310 2.896948
-1.733661 2.898324
-1.733544 2.904568
-1.729328 2.905158
-1.728678 2.910593
-1.728662 2.916821
-1.723274 2.915848
-1.720288 2.918093
-1.725127 2.924463
-1.712703 2.931343
-1.710174 2.935869
-1.706427 2.938841
-1.702065 2.941057
-1.699614 2.945620
-1.695919 2.948650
-1.692882 2.952465
-1.687931 2.954005
-1.679726 2.951781
-1.682979 2.955578
-1.678329 2.963053
-1.671270 2.961251
-1.668838 2.964728
-1.663751 2.965238
-1.662688 2.970224
-1.657606 2.970780
-1.654553 2.973573
-1.650830 2.975648
-1.635461 2.965366
-1.629628 2.965360
-1.625495 2.961011
-1.622958 2.964676
-1.616198 2.964231
-1.612915 2.967410
-1.607539 2.968471
-1.603570 2.970984
-1.589673 2.963660
-1.582108 2.962763
-1.573084 2.960530
-0.087071 1.535269
-0.065948 1.535608
-0.057859 1.548465
-0.052771 1.543658
-0.051292 1.561063
-0.025524 1.556429
-0.004820 1.556728
0.020368 1.553136
0.015930 1.576519
0.019529 1.592488
0.029018 1.603142
0.045978 1.607250
-1.693248 3.136611
-1.689416 3.137967
-1.693196 3.145833
-1.695480 3.147779
-1.690029 3.152559
-1.689256 3.156598
-1.684641 3.157465
-1.683905 3.161515
-1.676176 3.159927
-1.672333 3.161513
0.251937 1.651473
0.259086 1.665445
0.274869 1.672721
0.281897 1.686780
0.296200 1.675853
0.315665 1.679652
0.336097 1.683495
0.349322 1.692849
0.605922 1.523517
0.612650 1.539482
0.630653 1.547282
0.630731 1.567977
0.625777 1.592085
0.630497 1.609227
0.624428 1.633762
0.595912 1.673447
0.227067 1.925959
0.224587 1.945179
0.720296 1.630361
0.827462 1.580157
-0.352178 2.376111
-0.429127 2.439315
-0.423361 2.448216
-0.410887 2.452851
-0.411958 2.466100
-0.465751 2.512072
-0.491844 2.540192
-0.501940 2.558150
-0.502794 2.558670
-0.496351 2.576429
-0.492067 2.583624
-0.485222 2.589321
-0.480126 2.596059
-0.481990 2.606808
-0.476091 2.613073
-0.471084 2.619858
-0.471341 2.629594
-0.465524 2.635922
-0.466743 2.646126
-0.474636 2.650451
-0.444467 2.674982
-0.427262 2.681998
-0.409176 2.688753
-0.405412 2.702858
-0.393674 2.713007
-0.371180 2.718060
-0.376682 2.736652
-0.356800 2.727233
-0.349441 2.732807
-0.351333 2.742919
-0.348731 2.750916
-0.347073 2.759333
-0.346363 2.768160
-0.344780 2.776571
-0.342317 2.784580
-0.336221 2.790997
-0.332901 2.798636
-1.404124 3.264160
-1.406355 3.269119
-1.409535 3.274440
-1.410895 3.278967
-1.409971 3.278586
-1.411048 3.283528
-1.414997 3.289739
-1.412476 3.293330
-1.417422 3.299846
-1.415879 3.303793
-1.419962 3.309878
-1.421275 3.314865
-1.421677 3.319486
-1.419285 3.323071
-1.423497 3.329035
-1.423975 3.333619
-1.427747 3.334952
-1.425642 3.337904
-1.428162 3.342818
-1.436392 3.349630
-1.440870 3.355099
-1.447280 3.361149
-1.444215 3.364052
-1.443065 3.367586
-1.436207 3.369322
-1.432215 3.372001
-1.426317 3.374125
-1.425211 3.377736
-1.410847 3.373415
-1.399461 3.379470
-1.382772 3.379580
-1.375696 3.382535
-1.372486 3.386608
-1.364464 3.389418
-1.356447 3.392305
-1.348436 3.395268
-1.335581 3.397093
-1.331463 3.401186
-1.322500 3.404151
-1.313747 3.402056
-1.304513 3.409895
-1.293697 3.412325
-1.285814 3.415494
-1.276961 3.418525
-1.269094 3.421841
-1.264176 3.425826
-1.251426 3.428296
-1.234751 3.430122
-1.224948 3.433402
-1.220071 3.437675
-1.208269 3.435508
-1.199448 3.438683
-1.190685 3.442236
-1.179960 3.445532
-1.168257 3.448761
-1.155573 3.451937
-1.144871 3.455533
-1.135168 3.459372
-1.127457 3.463586
-1.116789 3.467449
-1.107124 3.471541
-1.094498 3.475330
-1.080617 3.473505
-1.067139 3.483092
-1.053551 3.487143
-1.040969 3.491429
-1.028400 3.495828
-1.017837 3.500546
-1.004304 3.505067
-0.991783 3.509804
-0.978283 3.514565
-0.950849 3.518275
-0.938376 3.523427
-0.920432 3.522002
-0.906540 3.533877
-0.891135 3.539221
-0.878745 3.544885
-0.857392 3.550165
-0.843050 3.555997
-0.827733 3.561915
-0.813439 3.568015
-0.794175 3.574062
-0.754947 3.579644
-0.736732 3.586168
-0.715740 3.585589
-0.969349 4.514948
-1.721999 5.123564
-2.701536 5.179613
-3.538362 4.643826
-3.911982 3.709472
-3.689678 2.704472
-2.890275 2.020480
-1.825886 1.932907
-0.900761 2.494053
-0.464559 3.501164
-0.433470 3.675755
-0.403972 3.694336
-0.368319 3.704416
-0.337716 3.714601
-0.303172 3.725271
-0.268686 3.736264
-0.183349 3.750592
-0.137026 3.763229
-0.088781 3.776434
-0.043605 3.789871
0.014452 3.804738
0.111160 3.812265
0.125259 3.824361
0.126296 3.835917
0.127278 3.847488
0.121236 3.858396
0.121113 3.869860
0.119941 3.881222
0.118714 3.892578
0.113461 3.903466
0.109150 3.914431
0.109750 3.925985
0.103353 3.936643
0.103353 3.936643
0.099573 3.958746
0.096192 3.968367
0.090793 3.977670
0.088322 3.987389
0.083836 3.996781
0.081287 4.006462
0.080672 4.016457
0.077056 4.025948
0.072416 4.035243
0.071677 4.045212
0.070693 4.045036
